(0, 0),0
(0, 509),1
(1, 1),2
(1, 2),3
(2, 3),4
(3, 4),5
(3, 306),6
(3, 555),7
(3, 556),8
(3, 566),9
(4, 5),10
(5, 6),11
(5, 12),12
(5, 48),13
(5, 89),14
(5, 158),15
(5, 265),16
(5, 812),17
(6, 3),18
(6, 6),19
(6, 7),20
(6, 8),21
(6, 12),22
(6, 14),23
(6, 20),24
(6, 21),25
(6, 22),26
(6, 33),27
(6, 36),28
(6, 38),29
(6, 39),30
(6, 41),31
(6, 43),32
(6, 44),33
(6, 46),34
(6, 47),35
(6, 48),36
(6, 49),37
(6, 50),38
(6, 51),39
(6, 52),40
(6, 55),41
(6, 56),42
(6, 57),43
(6, 58),44
(6, 59),45
(6, 61),46
(6, 62),47
(6, 63),48
(6, 64),49
(6, 65),50
(6, 66),51
(6, 67),52
(6, 68),53
(6, 73),54
(6, 75),55
(6, 77),56
(6, 80),57
(6, 82),58
(6, 83),59
(6, 84),60
(6, 85),61
(6, 88),62
(6, 89),63
(6, 90),64
(6, 93),65
(6, 94),66
(6, 97),67
(6, 99),68
(6, 101),69
(6, 102),70
(6, 105),71
(6, 107),72
(6, 108),73
(6, 109),74
(6, 110),75
(6, 112),76
(6, 113),77
(6, 115),78
(6, 116),79
(6, 118),80
(6, 119),81
(6, 121),82
(6, 122),83
(6, 127),84
(6, 129),85
(6, 131),86
(6, 132),87
(6, 133),88
(6, 155),89
(6, 158),90
(6, 159),91
(6, 172),92
(6, 173),93
(6, 177),94
(6, 178),95
(6, 179),96
(6, 180),97
(6, 181),98
(6, 182),99
(6, 183),100
(6, 186),101
(6, 188),102
(6, 189),103
(6, 193),104
(6, 194),105
(6, 195),106
(6, 197),107
(6, 198),108
(6, 199),109
(6, 200),110
(6, 201),111
(6, 202),112
(6, 203),113
(6, 207),114
(6, 208),115
(6, 209),116
(6, 212),117
(6, 213),118
(6, 214),119
(6, 215),120
(6, 220),121
(6, 221),122
(6, 223),123
(6, 224),124
(6, 226),125
(6, 227),126
(6, 228),127
(6, 229),128
(6, 231),129
(6, 232),130
(6, 233),131
(6, 237),132
(6, 238),133
(6, 239),134
(6, 241),135
(6, 243),136
(6, 244),137
(6, 246),138
(6, 248),139
(6, 250),140
(6, 251),141
(6, 252),142
(6, 253),143
(6, 254),144
(6, 256),145
(6, 257),146
(6, 258),147
(6, 260),148
(6, 261),149
(6, 263),150
(6, 264),151
(6, 265),152
(6, 269),153
(6, 270),154
(6, 274),155
(6, 276),156
(6, 281),157
(6, 283),158
(6, 285),159
(6, 292),160
(6, 293),161
(6, 297),162
(6, 298),163
(6, 300),164
(6, 303),165
(6, 304),166
(6, 305),167
(6, 306),168
(6, 307),169
(6, 309),170
(6, 310),171
(6, 311),172
(6, 312),173
(6, 313),174
(6, 314),175
(6, 315),176
(6, 316),177
(6, 317),178
(6, 318),179
(6, 319),180
(6, 320),181
(6, 321),182
(6, 322),183
(6, 323),184
(6, 324),185
(6, 325),186
(6, 329),187
(6, 331),188
(6, 334),189
(6, 335),190
(6, 342),191
(6, 345),192
(6, 374),193
(6, 396),194
(6, 401),195
(6, 403),196
(6, 419),197
(6, 420),198
(6, 421),199
(6, 422),200
(6, 423),201
(6, 424),202
(6, 425),203
(6, 426),204
(6, 427),205
(6, 428),206
(6, 430),207
(6, 432),208
(6, 436),209
(6, 437),210
(6, 438),211
(6, 439),212
(6, 440),213
(6, 442),214
(6, 443),215
(6, 444),216
(6, 445),217
(6, 446),218
(6, 448),219
(6, 487),220
(6, 502),221
(6, 506),222
(6, 543),223
(6, 547),224
(6, 553),225
(6, 554),226
(6, 555),227
(6, 561),228
(6, 611),229
(6, 648),230
(6, 649),231
(6, 650),232
(6, 651),233
(6, 652),234
(6, 653),235
(6, 654),236
(6, 657),237
(6, 658),238
(6, 662),239
(6, 672),240
(6, 700),241
(6, 720),242
(6, 735),243
(6, 797),244
(6, 815),245
(6, 825),246
(6, 833),247
(6, 838),248
(6, 839),249
(6, 853),250
(7, 9),251
(8, 10),252
(8, 11),253
(8, 12),254
(8, 14),255
(8, 20),256
(8, 22),257
(9, 13),258
(9, 199),259
(10, 15),260
(10, 16),261
(10, 17),262
(10, 18),263
(10, 21),264
(10, 267),265
(11, 19),266
(12, 11),267
(12, 33),268
(12, 47),269
(12, 48),270
(12, 51),271
(12, 56),272
(12, 57),273
(12, 65),274
(12, 68),275
(12, 77),276
(12, 89),277
(12, 96),278
(12, 113),279
(12, 118),280
(12, 137),281
(12, 141),282
(12, 145),283
(12, 194),284
(12, 197),285
(12, 303),286
(12, 308),287
(12, 354),288
(12, 589),289
(12, 590),290
(12, 613),291
(12, 723),292
(12, 842),293
(12, 843),294
(13, 23),295
(13, 24),296
(13, 25),297
(13, 26),298
(13, 27),299
(13, 28),300
(13, 29),301
(14, 30),302
(14, 441),303
(15, 31),304
(16, 32),305
(17, 6),306
(17, 33),307
(17, 39),308
(17, 52),309
(17, 53),310
(17, 59),311
(17, 66),312
(17, 68),313
(17, 73),314
(17, 109),315
(17, 132),316
(17, 194),317
(17, 214),318
(17, 277),319
(17, 283),320
(17, 316),321
(17, 333),322
(17, 342),323
(17, 377),324
(18, 8),325
(18, 14),326
(18, 18),327
(18, 33),328
(18, 39),329
(18, 46),330
(18, 47),331
(18, 48),332
(18, 51),333
(18, 52),334
(18, 53),335
(18, 54),336
(18, 55),337
(18, 59),338
(18, 61),339
(18, 64),340
(18, 65),341
(18, 66),342
(18, 67),343
(18, 73),344
(18, 85),345
(18, 88),346
(18, 89),347
(18, 116),348
(18, 121),349
(18, 155),350
(18, 173),351
(18, 186),352
(18, 197),353
(18, 200),354
(18, 214),355
(18, 220),356
(18, 229),357
(18, 233),358
(18, 238),359
(18, 254),360
(18, 262),361
(18, 265),362
(18, 267),363
(18, 269),364
(18, 277),365
(18, 304),366
(18, 317),367
(18, 329),368
(18, 333),369
(18, 364),370
(18, 430),371
(18, 437),372
(18, 438),373
(18, 448),374
(18, 482),375
(18, 502),376
(18, 552),377
(18, 553),378
(18, 561),379
(18, 584),380
(18, 607),381
(18, 635),382
(18, 650),383
(18, 652),384
(18, 662),385
(18, 691),386
(18, 693),387
(18, 695),388
(18, 698),389
(19, 10),390
(19, 12),391
(19, 14),392
(19, 20),393
(19, 33),394
(19, 34),395
(19, 36),396
(19, 39),397
(19, 41),398
(19, 42),399
(19, 43),400
(19, 44),401
(19, 46),402
(19, 47),403
(19, 48),404
(19, 49),405
(19, 50),406
(19, 51),407
(19, 52),408
(19, 53),409
(19, 54),410
(19, 55),411
(19, 56),412
(19, 57),413
(19, 58),414
(19, 59),415
(19, 60),416
(19, 61),417
(19, 62),418
(19, 63),419
(19, 64),420
(19, 65),421
(19, 66),422
(19, 67),423
(19, 68),424
(19, 69),425
(19, 71),426
(19, 73),427
(19, 75),428
(19, 77),429
(19, 82),430
(19, 83),431
(19, 84),432
(19, 95),433
(19, 102),434
(19, 104),435
(19, 109),436
(19, 113),437
(19, 140),438
(20, 35),439
(20, 568),440
(20, 576),441
(20, 577),442
(20, 578),443
(20, 581),444
(20, 582),445
(20, 585),446
(20, 586),447
(20, 588),448
(21, 37),449
(22, 3),450
(22, 11),451
(22, 12),452
(22, 20),453
(22, 22),454
(22, 33),455
(22, 39),456
(22, 43),457
(22, 52),458
(22, 53),459
(22, 54),460
(22, 59),461
(22, 63),462
(22, 73),463
(22, 75),464
(22, 80),465
(22, 82),466
(22, 85),467
(22, 87),468
(22, 88),469
(22, 89),470
(22, 90),471
(22, 91),472
(22, 93),473
(22, 94),474
(22, 96),475
(22, 97),476
(22, 98),477
(22, 99),478
(22, 100),479
(22, 101),480
(22, 103),481
(22, 105),482
(22, 106),483
(22, 107),484
(22, 108),485
(22, 110),486
(22, 112),487
(22, 113),488
(22, 115),489
(22, 116),490
(22, 118),491
(22, 119),492
(22, 121),493
(22, 122),494
(22, 127),495
(22, 129),496
(22, 131),497
(22, 132),498
(22, 133),499
(23, 40),500
(23, 45),501
(24, 70),502
(24, 72),503
(24, 74),504
(24, 76),505
(24, 78),506
(24, 79),507
(24, 81),508
(24, 86),509
(24, 92),510
(24, 490),511
(24, 495),512
(24, 497),513
(24, 498),514
(24, 499),515
(24, 512),516
(24, 513),517
(24, 548),518
(24, 557),519
(25, 20),520
(25, 58),521
(25, 68),522
(25, 96),523
(25, 111),524
(25, 114),525
(25, 117),526
(25, 120),527
(25, 123),528
(25, 124),529
(25, 126),530
(25, 128),531
(25, 130),532
(25, 132),533
(25, 134),534
(25, 135),535
(25, 136),536
(25, 137),537
(25, 138),538
(25, 139),539
(25, 141),540
(25, 142),541
(25, 143),542
(25, 144),543
(25, 145),544
(25, 146),545
(25, 147),546
(25, 148),547
(25, 149),548
(25, 150),549
(25, 151),550
(25, 152),551
(25, 153),552
(26, 125),553
(27, 6),554
(27, 18),555
(27, 20),556
(27, 33),557
(27, 39),558
(27, 41),559
(27, 46),560
(27, 47),561
(27, 49),562
(27, 50),563
(27, 68),564
(27, 102),565
(27, 132),566
(27, 142),567
(27, 159),568
(27, 179),569
(27, 183),570
(27, 186),571
(27, 203),572
(27, 252),573
(27, 271),574
(27, 285),575
(27, 294),576
(27, 295),577
(27, 307),578
(27, 316),579
(27, 317),580
(27, 320),581
(27, 342),582
(27, 371),583
(27, 375),584
(27, 399),585
(27, 403),586
(27, 445),587
(27, 449),588
(27, 475),589
(27, 488),590
(27, 603),591
(27, 637),592
(27, 687),593
(27, 695),594
(27, 696),595
(27, 828),596
(28, 154),597
(29, 39),598
(29, 52),599
(29, 54),600
(29, 59),601
(29, 155),602
(29, 156),603
(29, 157),604
(29, 158),605
(29, 159),606
(29, 160),607
(30, 7),608
(30, 33),609
(30, 38),610
(30, 39),611
(30, 50),612
(30, 67),613
(30, 68),614
(30, 84),615
(30, 87),616
(30, 102),617
(30, 158),618
(30, 159),619
(30, 177),620
(30, 178),621
(30, 179),622
(30, 182),623
(30, 185),624
(30, 186),625
(30, 187),626
(30, 188),627
(30, 189),628
(30, 198),629
(30, 200),630
(30, 201),631
(30, 202),632
(30, 203),633
(30, 206),634
(30, 207),635
(30, 208),636
(30, 212),637
(30, 213),638
(30, 215),639
(30, 244),640
(30, 250),641
(30, 252),642
(30, 255),643
(30, 258),644
(30, 259),645
(30, 261),646
(30, 266),647
(30, 269),648
(30, 271),649
(30, 272),650
(30, 273),651
(30, 275),652
(30, 281),653
(30, 283),654
(30, 295),655
(30, 305),656
(30, 307),657
(30, 312),658
(30, 315),659
(30, 316),660
(30, 362),661
(30, 363),662
(30, 364),663
(30, 365),664
(30, 366),665
(30, 367),666
(30, 371),667
(30, 374),668
(30, 375),669
(30, 396),670
(30, 398),671
(30, 402),672
(30, 410),673
(30, 435),674
(30, 445),675
(30, 455),676
(30, 743),677
(31, 161),678
(31, 387),679
(32, 162),680
(33, 163),681
(34, 164),682
(35, 165),683
(35, 167),684
(35, 168),685
(36, 166),686
(37, 33),687
(37, 73),688
(38, 169),689
(39, 170),690
(39, 372),691
(40, 171),692
(40, 174),693
(40, 176),694
(40, 216),695
(40, 217),696
(40, 218),697
(41, 33),698
(41, 46),699
(41, 172),700
(41, 173),701
(41, 694),702
(42, 10),703
(42, 12),704
(42, 14),705
(42, 20),706
(42, 33),707
(42, 34),708
(42, 36),709
(42, 39),710
(42, 41),711
(42, 42),712
(42, 43),713
(42, 44),714
(42, 46),715
(42, 47),716
(42, 48),717
(42, 49),718
(42, 50),719
(42, 51),720
(42, 52),721
(42, 53),722
(42, 54),723
(42, 55),724
(42, 56),725
(42, 57),726
(42, 58),727
(42, 59),728
(42, 60),729
(42, 61),730
(42, 62),731
(42, 63),732
(42, 64),733
(42, 65),734
(42, 66),735
(42, 67),736
(42, 68),737
(42, 69),738
(42, 71),739
(42, 73),740
(42, 75),741
(42, 77),742
(42, 82),743
(42, 83),744
(42, 84),745
(42, 95),746
(42, 102),747
(42, 104),748
(42, 109),749
(42, 113),750
(42, 140),751
(43, 33),752
(43, 34),753
(43, 36),754
(43, 43),755
(43, 216),756
(44, 33),757
(44, 52),758
(44, 59),759
(44, 136),760
(45, 12),761
(45, 46),762
(45, 51),763
(45, 57),764
(45, 91),765
(45, 113),766
(45, 172),767
(45, 173),768
(45, 175),769
(45, 193),770
(45, 195),771
(45, 197),772
(46, 7),773
(46, 8),774
(46, 33),775
(46, 38),776
(46, 39),777
(46, 46),778
(46, 53),779
(46, 56),780
(46, 57),781
(46, 58),782
(46, 59),783
(46, 63),784
(46, 67),785
(46, 68),786
(46, 84),787
(46, 102),788
(46, 132),789
(46, 158),790
(46, 159),791
(46, 173),792
(46, 177),793
(46, 178),794
(46, 179),795
(46, 180),796
(46, 181),797
(46, 183),798
(46, 184),799
(46, 185),800
(46, 186),801
(46, 187),802
(46, 188),803
(46, 189),804
(46, 190),805
(46, 191),806
(46, 198),807
(46, 201),808
(46, 202),809
(46, 207),810
(46, 208),811
(46, 212),812
(46, 213),813
(46, 215),814
(46, 243),815
(46, 244),816
(46, 248),817
(46, 250),818
(46, 255),819
(46, 258),820
(46, 259),821
(46, 261),822
(46, 263),823
(46, 266),824
(46, 270),825
(46, 275),826
(46, 277),827
(46, 281),828
(46, 293),829
(46, 295),830
(46, 305),831
(46, 307),832
(46, 315),833
(46, 331),834
(46, 342),835
(46, 366),836
(46, 374),837
(46, 393),838
(46, 403),839
(46, 410),840
(46, 445),841
(46, 543),842
(46, 601),843
(46, 688),844
(46, 694),845
(47, 181),846
(48, 7),847
(48, 10),848
(48, 12),849
(48, 18),850
(48, 20),851
(48, 33),852
(48, 36),853
(48, 38),854
(48, 41),855
(48, 46),856
(48, 48),857
(48, 49),858
(48, 59),859
(48, 60),860
(48, 62),861
(48, 63),862
(48, 64),863
(48, 67),864
(48, 68),865
(48, 84),866
(48, 89),867
(48, 124),868
(48, 127),869
(48, 132),870
(48, 147),871
(48, 148),872
(48, 150),873
(48, 153),874
(48, 177),875
(48, 178),876
(48, 179),877
(48, 180),878
(48, 181),879
(48, 182),880
(48, 183),881
(48, 185),882
(48, 188),883
(48, 189),884
(48, 191),885
(48, 198),886
(48, 200),887
(48, 201),888
(48, 202),889
(48, 212),890
(48, 213),891
(48, 215),892
(48, 225),893
(48, 227),894
(48, 229),895
(48, 230),896
(48, 232),897
(48, 243),898
(48, 250),899
(48, 252),900
(48, 255),901
(48, 258),902
(48, 270),903
(48, 281),904
(48, 305),905
(48, 316),906
(48, 342),907
(48, 345),908
(48, 362),909
(48, 367),910
(48, 370),911
(48, 374),912
(48, 375),913
(48, 393),914
(48, 403),915
(48, 445),916
(48, 519),917
(48, 542),918
(48, 545),919
(48, 551),920
(48, 558),921
(48, 559),922
(48, 637),923
(49, 46),924
(49, 63),925
(49, 181),926
(49, 320),927
(49, 404),928
(49, 406),929
(49, 678),930
(49, 680),931
(50, 46),932
(50, 71),933
(50, 182),934
(50, 207),935
(51, 46),936
(51, 181),937
(51, 222),938
(52, 6),939
(52, 192),940
(52, 633),941
(52, 846),942
(53, 14),943
(53, 22),944
(53, 33),945
(53, 46),946
(53, 47),947
(53, 51),948
(53, 56),949
(53, 59),950
(53, 82),951
(53, 84),952
(53, 90),953
(53, 179),954
(53, 181),955
(53, 182),956
(53, 188),957
(53, 195),958
(53, 196),959
(53, 207),960
(53, 212),961
(53, 263),962
(53, 285),963
(53, 305),964
(53, 649),965
(54, 13),966
(54, 199),967
(55, 55),968
(55, 84),969
(56, 3),970
(56, 6),971
(56, 7),972
(56, 22),973
(56, 33),974
(56, 36),975
(56, 38),976
(56, 39),977
(56, 41),978
(56, 46),979
(56, 47),980
(56, 48),981
(56, 51),982
(56, 52),983
(56, 53),984
(56, 54),985
(56, 55),986
(56, 57),987
(56, 59),988
(56, 63),989
(56, 65),990
(56, 67),991
(56, 68),992
(56, 73),993
(56, 84),994
(56, 89),995
(56, 90),996
(56, 102),997
(56, 105),998
(56, 108),999
(56, 113),1000
(56, 116),1001
(56, 129),1002
(56, 131),1003
(56, 132),1004
(56, 158),1005
(56, 159),1006
(56, 173),1007
(56, 177),1008
(56, 178),1009
(56, 179),1010
(56, 180),1011
(56, 181),1012
(56, 183),1013
(56, 184),1014
(56, 185),1015
(56, 186),1016
(56, 187),1017
(56, 188),1018
(56, 189),1019
(56, 191),1020
(56, 197),1021
(56, 198),1022
(56, 200),1023
(56, 201),1024
(56, 202),1025
(56, 203),1026
(56, 205),1027
(56, 206),1028
(56, 207),1029
(56, 208),1030
(56, 212),1031
(56, 213),1032
(56, 214),1033
(56, 215),1034
(56, 225),1035
(56, 227),1036
(56, 243),1037
(56, 244),1038
(56, 249),1039
(56, 250),1040
(56, 252),1041
(56, 255),1042
(56, 258),1043
(56, 259),1044
(56, 263),1045
(56, 265),1046
(56, 266),1047
(56, 269),1048
(56, 270),1049
(56, 271),1050
(56, 272),1051
(56, 274),1052
(56, 275),1053
(56, 281),1054
(56, 283),1055
(56, 285),1056
(56, 292),1057
(56, 293),1058
(56, 303),1059
(56, 305),1060
(56, 307),1061
(56, 312),1062
(56, 313),1063
(56, 315),1064
(56, 316),1065
(56, 317),1066
(56, 319),1067
(56, 320),1068
(56, 329),1069
(56, 331),1070
(56, 342),1071
(56, 363),1072
(56, 364),1073
(56, 367),1074
(56, 374),1075
(56, 375),1076
(56, 393),1077
(56, 396),1078
(56, 398),1079
(56, 400),1080
(56, 401),1081
(56, 403),1082
(56, 410),1083
(56, 435),1084
(56, 445),1085
(56, 446),1086
(56, 516),1087
(56, 543),1088
(56, 544),1089
(56, 553),1090
(56, 601),1091
(56, 611),1092
(56, 640),1093
(56, 694),1094
(56, 741),1095
(56, 742),1096
(57, 204),1097
(58, 204),1098
(59, 33),1099
(59, 48),1100
(59, 67),1101
(59, 68),1102
(59, 159),1103
(59, 201),1104
(59, 205),1105
(59, 206),1106
(59, 258),1107
(59, 367),1108
(59, 435),1109
(59, 544),1110
(60, 209),1111
(61, 210),1112
(61, 211),1113
(62, 204),1114
(63, 204),1115
(64, 204),1116
(64, 456),1117
(64, 457),1118
(64, 458),1119
(65, 204),1120
(65, 456),1121
(66, 171),1122
(66, 174),1123
(66, 176),1124
(66, 216),1125
(66, 217),1126
(66, 218),1127
(67, 46),1128
(67, 181),1129
(67, 222),1130
(68, 219),1131
(69, 33),1132
(69, 34),1133
(70, 3),1134
(70, 7),1135
(70, 12),1136
(70, 18),1137
(70, 22),1138
(70, 33),1139
(70, 36),1140
(70, 39),1141
(70, 46),1142
(70, 47),1143
(70, 48),1144
(70, 49),1145
(70, 50),1146
(70, 51),1147
(70, 52),1148
(70, 53),1149
(70, 56),1150
(70, 59),1151
(70, 61),1152
(70, 62),1153
(70, 66),1154
(70, 69),1155
(70, 71),1156
(70, 73),1157
(70, 75),1158
(70, 82),1159
(70, 83),1160
(70, 84),1161
(70, 85),1162
(70, 89),1163
(70, 90),1164
(70, 93),1165
(70, 94),1166
(70, 97),1167
(70, 99),1168
(70, 106),1169
(70, 107),1170
(70, 108),1171
(70, 109),1172
(70, 110),1173
(70, 112),1174
(70, 116),1175
(70, 119),1176
(70, 121),1177
(70, 122),1178
(70, 127),1179
(70, 129),1180
(70, 132),1181
(70, 140),1182
(70, 188),1183
(70, 189),1184
(70, 195),1185
(70, 197),1186
(70, 198),1187
(70, 200),1188
(70, 205),1189
(70, 207),1190
(70, 212),1191
(70, 213),1192
(70, 214),1193
(70, 228),1194
(70, 229),1195
(70, 232),1196
(70, 237),1197
(70, 243),1198
(70, 245),1199
(70, 246),1200
(70, 249),1201
(70, 251),1202
(70, 253),1203
(70, 255),1204
(70, 256),1205
(70, 258),1206
(70, 263),1207
(70, 265),1208
(70, 269),1209
(70, 270),1210
(70, 283),1211
(70, 285),1212
(70, 305),1213
(70, 316),1214
(70, 321),1215
(70, 325),1216
(70, 333),1217
(70, 335),1218
(70, 342),1219
(70, 345),1220
(70, 391),1221
(70, 392),1222
(70, 396),1223
(70, 401),1224
(70, 403),1225
(70, 419),1226
(70, 432),1227
(70, 437),1228
(70, 439),1229
(70, 443),1230
(70, 448),1231
(70, 449),1232
(70, 450),1233
(70, 451),1234
(70, 452),1235
(70, 453),1236
(70, 502),1237
(70, 552),1238
(70, 561),1239
(70, 648),1240
(70, 650),1241
(70, 652),1242
(70, 655),1243
(70, 656),1244
(70, 690),1245
(70, 793),1246
(70, 794),1247
(71, 12),1248
(71, 20),1249
(71, 41),1250
(71, 44),1251
(71, 47),1252
(71, 48),1253
(71, 49),1254
(71, 50),1255
(71, 77),1256
(71, 89),1257
(71, 90),1258
(71, 105),1259
(71, 127),1260
(71, 133),1261
(71, 180),1262
(71, 188),1263
(71, 198),1264
(71, 201),1265
(71, 202),1266
(71, 205),1267
(71, 209),1268
(71, 224),1269
(71, 225),1270
(71, 230),1271
(71, 231),1272
(71, 232),1273
(71, 233),1274
(71, 237),1275
(71, 239),1276
(71, 241),1277
(71, 243),1278
(71, 244),1279
(71, 248),1280
(71, 250),1281
(71, 252),1282
(71, 255),1283
(71, 258),1284
(71, 262),1285
(71, 264),1286
(71, 306),1287
(71, 393),1288
(71, 397),1289
(71, 401),1290
(71, 635),1291
(71, 884),1292
(71, 885),1293
(72, 134),1294
(73, 68),1295
(73, 234),1296
(73, 235),1297
(73, 242),1298
(74, 236),1299
(74, 238),1300
(75, 240),1301
(76, 28),1302
(76, 96),1303
(76, 120),1304
(76, 123),1305
(76, 128),1306
(76, 144),1307
(76, 147),1308
(76, 148),1309
(76, 247),1310
(76, 299),1311
(76, 347),1312
(76, 348),1313
(76, 351),1314
(76, 352),1315
(76, 353),1316
(76, 354),1317
(76, 355),1318
(76, 356),1319
(76, 357),1320
(76, 358),1321
(76, 359),1322
(76, 360),1323
(76, 361),1324
(77, 39),1325
(77, 42),1326
(77, 48),1327
(77, 49),1328
(77, 59),1329
(77, 63),1330
(77, 67),1331
(77, 223),1332
(77, 263),1333
(77, 268),1334
(77, 281),1335
(77, 307),1336
(77, 308),1337
(77, 469),1338
(77, 471),1339
(78, 39),1340
(78, 52),1341
(78, 54),1342
(78, 59),1343
(78, 155),1344
(78, 156),1345
(78, 157),1346
(78, 158),1347
(78, 159),1348
(78, 160),1349
(78, 382),1350
(79, 48),1351
(79, 53),1352
(79, 68),1353
(79, 84),1354
(79, 90),1355
(79, 111),1356
(79, 117),1357
(79, 120),1358
(79, 126),1359
(79, 134),1360
(79, 136),1361
(79, 137),1362
(79, 141),1363
(79, 150),1364
(79, 151),1365
(79, 152),1366
(79, 153),1367
(79, 278),1368
(79, 279),1369
(79, 348),1370
(79, 351),1371
(79, 352),1372
(79, 361),1373
(79, 370),1374
(79, 383),1375
(79, 385),1376
(79, 415),1377
(79, 517),1378
(79, 518),1379
(79, 519),1380
(79, 520),1381
(79, 521),1382
(79, 522),1383
(79, 523),1384
(79, 524),1385
(79, 525),1386
(79, 526),1387
(79, 527),1388
(79, 528),1389
(79, 529),1390
(79, 530),1391
(79, 531),1392
(79, 534),1393
(79, 535),1394
(79, 769),1395
(79, 827),1396
(80, 117),1397
(80, 278),1398
(80, 347),1399
(80, 531),1400
(80, 814),1401
(81, 279),1402
(81, 613),1403
(82, 280),1404
(83, 181),1405
(84, 12),1406
(84, 24),1407
(84, 34),1408
(84, 39),1409
(84, 51),1410
(84, 52),1411
(84, 53),1412
(84, 59),1413
(84, 73),1414
(84, 194),1415
(84, 214),1416
(84, 282),1417
(84, 283),1418
(84, 284),1419
(84, 285),1420
(84, 287),1421
(84, 294),1422
(84, 608),1423
(85, 286),1424
(85, 288),1425
(85, 289),1426
(85, 684),1427
(86, 33),1428
(86, 63),1429
(86, 214),1430
(86, 283),1431
(87, 12),1432
(87, 84),1433
(87, 263),1434
(87, 290),1435
(88, 291),1436
(89, 71),1437
(89, 179),1438
(89, 209),1439
(89, 295),1440
(89, 331),1441
(90, 296),1442
(91, 6),1443
(91, 12),1444
(91, 207),1445
(91, 299),1446
(91, 300),1447
(92, 301),1448
(93, 302),1449
(94, 48),1450
(95, 219),1451
(96, 326),1452
(96, 327),1453
(96, 328),1454
(96, 330),1455
(97, 219),1456
(98, 6),1457
(98, 33),1458
(98, 39),1459
(98, 52),1460
(98, 53),1461
(98, 59),1462
(98, 68),1463
(98, 73),1464
(98, 109),1465
(98, 132),1466
(98, 194),1467
(98, 214),1468
(98, 277),1469
(98, 283),1470
(98, 316),1471
(98, 333),1472
(98, 342),1473
(98, 377),1474
(99, 141),1475
(99, 158),1476
(99, 188),1477
(99, 207),1478
(99, 212),1479
(99, 269),1480
(99, 292),1481
(99, 304),1482
(99, 332),1483
(99, 399),1484
(99, 650),1485
(99, 840),1486
(100, 12),1487
(100, 46),1488
(100, 51),1489
(100, 57),1490
(100, 91),1491
(100, 113),1492
(100, 175),1493
(100, 193),1494
(100, 195),1495
(100, 197),1496
(101, 11),1497
(101, 12),1498
(101, 14),1499
(101, 33),1500
(101, 43),1501
(101, 46),1502
(101, 48),1503
(101, 51),1504
(101, 56),1505
(101, 65),1506
(101, 84),1507
(101, 95),1508
(101, 113),1509
(101, 173),1510
(101, 205),1511
(101, 207),1512
(101, 208),1513
(101, 243),1514
(101, 277),1515
(101, 300),1516
(101, 308),1517
(101, 390),1518
(101, 391),1519
(101, 392),1520
(101, 393),1521
(102, 6),1522
(102, 155),1523
(102, 157),1524
(102, 196),1525
(102, 223),1526
(102, 269),1527
(102, 290),1528
(102, 332),1529
(102, 334),1530
(102, 336),1531
(102, 337),1532
(102, 607),1533
(103, 338),1534
(104, 339),1535
(104, 340),1536
(105, 341),1537
(105, 344),1538
(106, 12),1539
(106, 33),1540
(106, 55),1541
(106, 58),1542
(106, 63),1543
(106, 82),1544
(106, 140),1545
(106, 179),1546
(106, 183),1547
(106, 187),1548
(106, 188),1549
(106, 189),1550
(106, 191),1551
(106, 200),1552
(106, 201),1553
(106, 207),1554
(106, 213),1555
(106, 243),1556
(106, 263),1557
(106, 265),1558
(106, 266),1559
(106, 270),1560
(106, 281),1561
(106, 284),1562
(106, 307),1563
(106, 345),1564
(106, 374),1565
(106, 640),1566
(107, 343),1567
(108, 341),1568
(109, 341),1569
(109, 344),1570
(110, 346),1571
(111, 28),1572
(111, 120),1573
(111, 123),1574
(111, 128),1575
(111, 144),1576
(111, 147),1577
(111, 148),1578
(111, 247),1579
(111, 347),1580
(111, 348),1581
(111, 351),1582
(111, 352),1583
(111, 353),1584
(111, 354),1585
(111, 355),1586
(111, 356),1587
(111, 357),1588
(111, 358),1589
(111, 359),1590
(111, 360),1591
(111, 361),1592
(112, 349),1593
(113, 350),1594
(114, 6),1595
(114, 12),1596
(114, 20),1597
(114, 22),1598
(114, 39),1599
(114, 48),1600
(114, 50),1601
(114, 67),1602
(114, 84),1603
(114, 110),1604
(114, 112),1605
(114, 115),1606
(114, 117),1607
(114, 120),1608
(114, 124),1609
(114, 126),1610
(114, 128),1611
(114, 138),1612
(114, 158),1613
(114, 186),1614
(114, 198),1615
(114, 200),1616
(114, 207),1617
(114, 248),1618
(114, 255),1619
(114, 258),1620
(114, 292),1621
(114, 320),1622
(114, 336),1623
(114, 391),1624
(114, 443),1625
(114, 448),1626
(114, 527),1627
(114, 529),1628
(114, 613),1629
(114, 820),1630
(114, 821),1631
(114, 822),1632
(114, 823),1633
(114, 824),1634
(114, 827),1635
(115, 68),1636
(115, 117),1637
(115, 128),1638
(115, 145),1639
(115, 148),1640
(115, 150),1641
(115, 152),1642
(115, 278),1643
(115, 354),1644
(115, 361),1645
(116, 111),1646
(116, 117),1647
(116, 124),1648
(116, 134),1649
(116, 137),1650
(116, 141),1651
(116, 153),1652
(116, 214),1653
(116, 279),1654
(116, 299),1655
(116, 351),1656
(116, 354),1657
(116, 361),1658
(116, 382),1659
(116, 383),1660
(116, 384),1661
(116, 385),1662
(116, 519),1663
(116, 824),1664
(117, 20),1665
(117, 58),1666
(117, 68),1667
(117, 96),1668
(117, 111),1669
(117, 114),1670
(117, 117),1671
(117, 120),1672
(117, 123),1673
(117, 124),1674
(117, 126),1675
(117, 128),1676
(117, 130),1677
(117, 132),1678
(117, 134),1679
(117, 135),1680
(117, 136),1681
(117, 137),1682
(117, 138),1683
(117, 139),1684
(117, 141),1685
(117, 142),1686
(117, 143),1687
(117, 144),1688
(117, 145),1689
(117, 146),1690
(117, 147),1691
(117, 148),1692
(117, 149),1693
(117, 150),1694
(117, 151),1695
(117, 152),1696
(117, 153),1697
(117, 517),1698
(117, 524),1699
(117, 580),1700
(117, 876),1701
(118, 7),1702
(118, 33),1703
(118, 38),1704
(118, 39),1705
(118, 68),1706
(118, 84),1707
(118, 87),1708
(118, 102),1709
(118, 177),1710
(118, 178),1711
(118, 179),1712
(118, 182),1713
(118, 185),1714
(118, 186),1715
(118, 187),1716
(118, 188),1717
(118, 189),1718
(118, 198),1719
(118, 200),1720
(118, 201),1721
(118, 202),1722
(118, 203),1723
(118, 206),1724
(118, 208),1725
(118, 212),1726
(118, 215),1727
(118, 244),1728
(118, 252),1729
(118, 255),1730
(118, 258),1731
(118, 259),1732
(118, 261),1733
(118, 266),1734
(118, 269),1735
(118, 271),1736
(118, 272),1737
(118, 273),1738
(118, 275),1739
(118, 281),1740
(118, 283),1741
(118, 305),1742
(118, 307),1743
(118, 312),1744
(118, 315),1745
(118, 316),1746
(118, 362),1747
(118, 363),1748
(118, 364),1749
(118, 365),1750
(118, 366),1751
(118, 367),1752
(118, 371),1753
(118, 374),1754
(118, 375),1755
(118, 396),1756
(118, 398),1757
(118, 410),1758
(118, 435),1759
(118, 455),1760
(119, 84),1761
(119, 144),1762
(119, 214),1763
(119, 368),1764
(119, 369),1765
(119, 370),1766
(120, 373),1767
(121, 211),1768
(121, 286),1769
(121, 376),1770
(121, 464),1771
(121, 465),1772
(121, 466),1773
(122, 378),1774
(123, 14),1775
(123, 64),1776
(123, 274),1777
(123, 379),1778
(124, 380),1779
(125, 381),1780
(126, 111),1781
(126, 117),1782
(126, 124),1783
(126, 137),1784
(126, 141),1785
(126, 153),1786
(126, 214),1787
(126, 279),1788
(126, 299),1789
(126, 351),1790
(126, 354),1791
(126, 361),1792
(126, 382),1793
(126, 383),1794
(126, 384),1795
(126, 385),1796
(127, 383),1797
(127, 386),1798
(127, 387),1799
(127, 388),1800
(128, 389),1801
(128, 394),1802
(128, 395),1803
(129, 11),1804
(129, 12),1805
(129, 14),1806
(129, 33),1807
(129, 43),1808
(129, 46),1809
(129, 48),1810
(129, 51),1811
(129, 56),1812
(129, 65),1813
(129, 84),1814
(129, 95),1815
(129, 113),1816
(129, 173),1817
(129, 205),1818
(129, 207),1819
(129, 208),1820
(129, 243),1821
(129, 277),1822
(129, 300),1823
(129, 308),1824
(129, 390),1825
(129, 391),1826
(129, 392),1827
(129, 393),1828
(130, 112),1829
(130, 158),1830
(130, 200),1831
(130, 207),1832
(130, 316),1833
(131, 7),1834
(131, 8),1835
(131, 47),1836
(131, 55),1837
(131, 66),1838
(131, 67),1839
(131, 68),1840
(131, 84),1841
(131, 99),1842
(131, 102),1843
(131, 158),1844
(131, 173),1845
(131, 178),1846
(131, 180),1847
(131, 186),1848
(131, 188),1849
(131, 189),1850
(131, 191),1851
(131, 201),1852
(131, 203),1853
(131, 207),1854
(131, 208),1855
(131, 212),1856
(131, 215),1857
(131, 220),1858
(131, 229),1859
(131, 232),1860
(131, 233),1861
(131, 237),1862
(131, 243),1863
(131, 258),1864
(131, 261),1865
(131, 266),1866
(131, 281),1867
(131, 305),1868
(131, 307),1869
(131, 311),1870
(131, 316),1871
(131, 363),1872
(131, 402),1873
(131, 403),1874
(131, 435),1875
(131, 452),1876
(131, 516),1877
(131, 543),1878
(131, 547),1879
(131, 549),1880
(131, 552),1881
(131, 553),1882
(132, 3),1883
(132, 6),1884
(132, 68),1885
(132, 96),1886
(132, 98),1887
(132, 136),1888
(132, 173),1889
(132, 290),1890
(132, 292),1891
(132, 335),1892
(132, 357),1893
(132, 569),1894
(132, 570),1895
(132, 576),1896
(132, 579),1897
(132, 589),1898
(132, 825),1899
(132, 830),1900
(132, 831),1901
(132, 832),1902
(132, 833),1903
(132, 834),1904
(132, 835),1905
(133, 404),1906
(134, 179),1907
(134, 307),1908
(134, 363),1909
(134, 404),1910
(134, 405),1911
(134, 406),1912
(134, 501),1913
(135, 407),1914
(136, 41),1915
(137, 408),1916
(138, 409),1917
(138, 473),1918
(138, 609),1919
(138, 610),1920
(138, 792),1921
(139, 48),1922
(140, 344),1923
(141, 204),1924
(141, 456),1925
(142, 3),1926
(142, 27),1927
(142, 111),1928
(142, 120),1929
(142, 123),1930
(142, 147),1931
(142, 369),1932
(142, 411),1933
(142, 412),1934
(142, 413),1935
(142, 414),1936
(142, 415),1937
(142, 416),1938
(143, 417),1939
(143, 418),1940
(144, 120),1941
(144, 124),1942
(144, 147),1943
(144, 148),1944
(144, 404),1945
(145, 429),1946
(146, 431),1947
(147, 404),1948
(147, 841),1949
(148, 433),1950
(148, 434),1951
(149, 404),1952
(149, 734),1953
(149, 736),1954
(149, 737),1955
(149, 892),1956
(150, 151),1957
(151, 3),1958
(151, 11),1959
(151, 12),1960
(151, 20),1961
(151, 22),1962
(151, 33),1963
(151, 39),1964
(151, 43),1965
(151, 52),1966
(151, 53),1967
(151, 54),1968
(151, 59),1969
(151, 63),1970
(151, 73),1971
(151, 75),1972
(151, 80),1973
(151, 82),1974
(151, 85),1975
(151, 87),1976
(151, 88),1977
(151, 89),1978
(151, 90),1979
(151, 91),1980
(151, 93),1981
(151, 94),1982
(151, 96),1983
(151, 97),1984
(151, 98),1985
(151, 99),1986
(151, 100),1987
(151, 101),1988
(151, 103),1989
(151, 105),1990
(151, 106),1991
(151, 107),1992
(151, 108),1993
(151, 110),1994
(151, 112),1995
(151, 113),1996
(151, 115),1997
(151, 116),1998
(151, 118),1999
(151, 119),2000
(151, 121),2001
(151, 122),2002
(151, 127),2003
(151, 129),2004
(151, 131),2005
(151, 132),2006
(151, 133),2007
(152, 12),2008
(152, 33),2009
(152, 55),2010
(152, 186),2011
(152, 275),2012
(153, 447),2013
(154, 204),2014
(154, 454),2015
(154, 456),2016
(154, 457),2017
(154, 458),2018
(155, 440),2019
(156, 459),2020
(156, 510),2021
(156, 629),2022
(156, 630),2023
(156, 780),2024
(156, 791),2025
(156, 854),2026
(157, 13),2027
(157, 33),2028
(157, 132),2029
(157, 277),2030
(157, 460),2031
(157, 673),2032
(158, 6),2033
(158, 39),2034
(158, 52),2035
(159, 461),2036
(160, 170),2037
(160, 286),2038
(161, 216),2039
(162, 462),2040
(162, 463),2041
(163, 211),2042
(163, 376),2043
(163, 464),2044
(163, 465),2045
(163, 466),2046
(164, 467),2047
(164, 468),2048
(165, 470),2049
(165, 472),2050
(165, 744),2051
(166, 474),2052
(167, 350),2053
(168, 416),2054
(168, 476),2055
(168, 478),2056
(169, 477),2057
(169, 479),2058
(169, 480),2059
(169, 481),2060
(169, 483),2061
(169, 484),2062
(169, 485),2063
(169, 486),2064
(170, 488),2065
(171, 71),2066
(171, 173),2067
(171, 175),2068
(171, 488),2069
(172, 489),2070
(172, 492),2071
(173, 3),2072
(173, 20),2073
(173, 27),2074
(173, 53),2075
(173, 68),2076
(173, 96),2077
(173, 111),2078
(173, 120),2079
(173, 123),2080
(173, 128),2081
(173, 134),2082
(173, 136),2083
(173, 138),2084
(173, 141),2085
(173, 145),2086
(173, 147),2087
(173, 148),2088
(173, 235),2089
(173, 236),2090
(173, 278),2091
(173, 299),2092
(173, 333),2093
(173, 338),2094
(173, 347),2095
(173, 354),2096
(173, 361),2097
(173, 369),2098
(173, 370),2099
(173, 411),2100
(173, 412),2101
(173, 413),2102
(173, 414),2103
(173, 415),2104
(173, 416),2105
(173, 521),2106
(173, 529),2107
(173, 530),2108
(173, 531),2109
(173, 551),2110
(173, 625),2111
(173, 827),2112
(173, 842),2113
(173, 847),2114
(173, 848),2115
(173, 849),2116
(173, 850),2117
(173, 851),2118
(174, 74),2119
(174, 76),2120
(174, 78),2121
(174, 79),2122
(174, 81),2123
(174, 86),2124
(174, 387),2125
(174, 459),2126
(174, 490),2127
(174, 491),2128
(174, 493),2129
(174, 495),2130
(174, 499),2131
(174, 550),2132
(174, 685),2133
(174, 712),2134
(174, 713),2135
(174, 719),2136
(174, 799),2137
(174, 803),2138
(174, 805),2139
(174, 807),2140
(174, 808),2141
(174, 809),2142
(174, 810),2143
(174, 811),2144
(174, 881),2145
(175, 494),2146
(176, 496),2147
(177, 171),2148
(178, 500),2149
(178, 510),2150
(179, 416),2151
(179, 476),2152
(179, 478),2153
(180, 488),2154
(181, 503),2155
(182, 504),2156
(183, 12),2157
(183, 84),2158
(183, 263),2159
(183, 290),2160
(184, 505),2161
(185, 19),2162
(186, 33),2163
(187, 31),2164
(187, 507),2165
(187, 508),2166
(187, 538),2167
(187, 539),2168
(188, 296),2169
(189, 511),2170
(190, 275),2171
(191, 71),2172
(191, 179),2173
(191, 209),2174
(191, 295),2175
(191, 331),2176
(192, 209),2177
(193, 182),2178
(193, 200),2179
(193, 281),2180
(193, 283),2181
(193, 391),2182
(193, 445),2183
(194, 70),2184
(194, 72),2185
(194, 74),2186
(194, 76),2187
(194, 78),2188
(194, 81),2189
(194, 86),2190
(194, 493),2191
(194, 497),2192
(194, 512),2193
(194, 513),2194
(194, 546),2195
(194, 550),2196
(194, 711),2197
(194, 712),2198
(194, 713),2199
(194, 716),2200
(194, 719),2201
(195, 514),2202
(195, 515),2203
(196, 204),2204
(197, 48),2205
(197, 53),2206
(197, 68),2207
(197, 84),2208
(197, 90),2209
(197, 111),2210
(197, 117),2211
(197, 120),2212
(197, 126),2213
(197, 134),2214
(197, 136),2215
(197, 137),2216
(197, 141),2217
(197, 150),2218
(197, 151),2219
(197, 152),2220
(197, 153),2221
(197, 278),2222
(197, 279),2223
(197, 348),2224
(197, 351),2225
(197, 352),2226
(197, 361),2227
(197, 370),2228
(197, 383),2229
(197, 385),2230
(197, 415),2231
(197, 517),2232
(197, 518),2233
(197, 519),2234
(197, 520),2235
(197, 521),2236
(197, 522),2237
(197, 523),2238
(197, 524),2239
(197, 525),2240
(197, 526),2241
(197, 527),2242
(197, 528),2243
(197, 529),2244
(197, 530),2245
(197, 531),2246
(197, 534),2247
(197, 535),2248
(198, 338),2249
(199, 111),2250
(199, 124),2251
(199, 152),2252
(199, 153),2253
(199, 279),2254
(199, 519),2255
(199, 521),2256
(199, 531),2257
(199, 532),2258
(199, 626),2259
(199, 877),2260
(200, 170),2261
(201, 533),2262
(202, 387),2263
(202, 536),2264
(202, 537),2265
(202, 540),2266
(203, 541),2267
(204, 192),2268
(204, 462),2269
(204, 463),2270
(205, 234),2271
(206, 7),2272
(206, 8),2273
(206, 47),2274
(206, 55),2275
(206, 61),2276
(206, 62),2277
(206, 66),2278
(206, 67),2279
(206, 68),2280
(206, 84),2281
(206, 99),2282
(206, 101),2283
(206, 102),2284
(206, 109),2285
(206, 158),2286
(206, 173),2287
(206, 178),2288
(206, 179),2289
(206, 180),2290
(206, 188),2291
(206, 189),2292
(206, 191),2293
(206, 201),2294
(206, 203),2295
(206, 207),2296
(206, 208),2297
(206, 212),2298
(206, 220),2299
(206, 228),2300
(206, 229),2301
(206, 232),2302
(206, 233),2303
(206, 237),2304
(206, 243),2305
(206, 258),2306
(206, 261),2307
(206, 266),2308
(206, 281),2309
(206, 305),2310
(206, 307),2311
(206, 311),2312
(206, 316),2313
(206, 363),2314
(206, 374),2315
(206, 402),2316
(206, 403),2317
(206, 428),2318
(206, 435),2319
(206, 445),2320
(206, 452),2321
(206, 516),2322
(206, 543),2323
(206, 544),2324
(206, 547),2325
(206, 549),2326
(206, 552),2327
(206, 553),2328
(207, 7),2329
(207, 10),2330
(207, 12),2331
(207, 18),2332
(207, 20),2333
(207, 33),2334
(207, 36),2335
(207, 41),2336
(207, 46),2337
(207, 48),2338
(207, 49),2339
(207, 59),2340
(207, 62),2341
(207, 64),2342
(207, 67),2343
(207, 68),2344
(207, 84),2345
(207, 89),2346
(207, 124),2347
(207, 127),2348
(207, 132),2349
(207, 148),2350
(207, 150),2351
(207, 153),2352
(207, 177),2353
(207, 178),2354
(207, 179),2355
(207, 180),2356
(207, 181),2357
(207, 182),2358
(207, 183),2359
(207, 185),2360
(207, 186),2361
(207, 188),2362
(207, 189),2363
(207, 191),2364
(207, 198),2365
(207, 200),2366
(207, 201),2367
(207, 202),2368
(207, 212),2369
(207, 213),2370
(207, 215),2371
(207, 225),2372
(207, 227),2373
(207, 229),2374
(207, 230),2375
(207, 232),2376
(207, 250),2377
(207, 252),2378
(207, 255),2379
(207, 258),2380
(207, 271),2381
(207, 281),2382
(207, 305),2383
(207, 316),2384
(207, 342),2385
(207, 362),2386
(207, 367),2387
(207, 370),2388
(207, 374),2389
(207, 375),2390
(207, 393),2391
(207, 403),2392
(207, 445),2393
(207, 519),2394
(207, 542),2395
(207, 545),2396
(207, 551),2397
(207, 558),2398
(207, 559),2399
(208, 70),2400
(208, 72),2401
(208, 74),2402
(208, 76),2403
(208, 78),2404
(208, 79),2405
(208, 81),2406
(208, 86),2407
(208, 92),2408
(208, 490),2409
(208, 495),2410
(208, 497),2411
(208, 498),2412
(208, 499),2413
(208, 512),2414
(208, 513),2415
(208, 546),2416
(208, 548),2417
(208, 557),2418
(209, 74),2419
(209, 81),2420
(209, 86),2421
(209, 550),2422
(210, 14),2423
(210, 554),2424
(211, 33),2425
(211, 63),2426
(211, 214),2427
(212, 488),2428
(212, 560),2429
(213, 108),2430
(213, 439),2431
(213, 561),2432
(213, 579),2433
(213, 580),2434
(213, 583),2435
(214, 562),2436
(215, 204),2437
(215, 456),2438
(216, 387),2439
(217, 48),2440
(218, 83),2441
(218, 307),2442
(219, 48),2443
(219, 82),2444
(219, 105),2445
(219, 193),2446
(219, 224),2447
(219, 237),2448
(219, 241),2449
(219, 251),2450
(219, 262),2451
(219, 329),2452
(219, 422),2453
(219, 424),2454
(219, 428),2455
(219, 443),2456
(219, 444),2457
(219, 565),2458
(220, 28),2459
(220, 406),2460
(220, 563),2461
(220, 564),2462
(220, 641),2463
(220, 713),2464
(220, 779),2465
(220, 782),2466
(220, 783),2467
(220, 784),2468
(220, 785),2469
(220, 786),2470
(220, 788),2471
(220, 790),2472
(220, 829),2473
(220, 858),2474
(220, 859),2475
(220, 860),2476
(220, 861),2477
(220, 862),2478
(220, 863),2479
(220, 864),2480
(220, 865),2481
(220, 866),2482
(220, 867),2483
(220, 868),2484
(220, 869),2485
(220, 870),2486
(220, 871),2487
(220, 873),2488
(220, 875),2489
(220, 899),2490
(220, 900),2491
(220, 901),2492
(221, 406),2493
(222, 306),2494
(222, 555),2495
(222, 556),2496
(222, 566),2497
(223, 349),2498
(224, 567),2499
(225, 562),2500
(226, 284),2501
(226, 571),2502
(226, 572),2503
(226, 573),2504
(226, 574),2505
(226, 575),2506
(227, 478),2507
(228, 48),2508
(229, 476),2509
(230, 35),2510
(230, 568),2511
(230, 576),2512
(230, 577),2513
(230, 578),2514
(230, 581),2515
(230, 582),2516
(230, 585),2517
(230, 586),2518
(230, 588),2519
(231, 439),2520
(231, 579),2521
(231, 580),2522
(231, 583),2523
(232, 163),2524
(233, 30),2525
(233, 441),2526
(234, 505),2527
(235, 349),2528
(235, 587),2529
(236, 25),2530
(236, 407),2531
(236, 591),2532
(236, 592),2533
(236, 593),2534
(237, 594),2535
(238, 236),2536
(238, 238),2537
(239, 595),2538
(239, 596),2539
(240, 51),2540
(240, 324),2541
(241, 597),2542
(242, 598),2543
(242, 599),2544
(242, 600),2545
(243, 602),2546
(244, 182),2547
(244, 200),2548
(244, 281),2549
(244, 283),2550
(244, 391),2551
(244, 445),2552
(245, 33),2553
(245, 46),2554
(245, 203),2555
(245, 207),2556
(245, 277),2557
(245, 281),2558
(245, 316),2559
(245, 320),2560
(245, 393),2561
(245, 453),2562
(245, 604),2563
(246, 605),2564
(246, 606),2565
(247, 15),2566
(247, 267),2567
(248, 607),2568
(249, 571),2569
(249, 612),2570
(250, 12),2571
(250, 24),2572
(250, 34),2573
(250, 39),2574
(250, 51),2575
(250, 52),2576
(250, 53),2577
(250, 59),2578
(250, 73),2579
(250, 194),2580
(250, 214),2581
(250, 282),2582
(250, 283),2583
(250, 284),2584
(250, 285),2585
(250, 287),2586
(250, 294),2587
(250, 608),2588
(251, 409),2589
(251, 473),2590
(251, 609),2591
(251, 610),2592
(252, 417),2593
(253, 39),2594
(254, 169),2595
(254, 613),2596
(254, 614),2597
(254, 615),2598
(254, 617),2599
(254, 787),2600
(254, 789),2601
(255, 416),2602
(255, 616),2603
(256, 335),2604
(257, 618),2605
(258, 33),2606
(258, 34),2607
(258, 36),2608
(258, 43),2609
(258, 216),2610
(259, 359),2611
(259, 619),2612
(260, 620),2613
(261, 621),2614
(262, 6),2615
(262, 155),2616
(262, 157),2617
(262, 196),2618
(262, 223),2619
(262, 269),2620
(262, 290),2621
(262, 332),2622
(262, 334),2623
(262, 336),2624
(262, 337),2625
(262, 607),2626
(263, 120),2627
(263, 130),2628
(263, 141),2629
(263, 148),2630
(263, 279),2631
(263, 368),2632
(263, 524),2633
(263, 534),2634
(263, 622),2635
(263, 623),2636
(263, 624),2637
(263, 625),2638
(264, 117),2639
(264, 128),2640
(264, 145),2641
(264, 148),2642
(264, 150),2643
(264, 152),2644
(264, 278),2645
(265, 74),2646
(265, 76),2647
(265, 78),2648
(265, 79),2649
(265, 81),2650
(265, 92),2651
(265, 490),2652
(265, 491),2653
(265, 495),2654
(265, 498),2655
(265, 513),2656
(265, 550),2657
(265, 685),2658
(265, 711),2659
(265, 799),2660
(265, 800),2661
(265, 801),2662
(265, 802),2663
(265, 803),2664
(265, 804),2665
(265, 805),2666
(265, 806),2667
(266, 77),2668
(266, 88),2669
(266, 101),2670
(266, 106),2671
(266, 221),2672
(266, 259),2673
(266, 303),2674
(266, 628),2675
(267, 120),2676
(267, 130),2677
(267, 141),2678
(267, 148),2679
(267, 279),2680
(267, 368),2681
(267, 524),2682
(267, 534),2683
(267, 622),2684
(267, 623),2685
(267, 624),2686
(267, 625),2687
(268, 564),2688
(268, 627),2689
(269, 605),2690
(269, 606),2691
(270, 144),2692
(270, 361),2693
(270, 524),2694
(270, 535),2695
(271, 40),2696
(271, 45),2697
(272, 631),2698
(273, 632),2699
(274, 500),2700
(274, 510),2701
(275, 633),2702
(276, 634),2703
(277, 407),2704
(278, 94),2705
(279, 14),2706
(279, 64),2707
(279, 274),2708
(279, 379),2709
(280, 33),2710
(280, 52),2711
(280, 59),2712
(280, 136),2713
(281, 7),2714
(281, 33),2715
(281, 38),2716
(281, 39),2717
(281, 52),2718
(281, 54),2719
(281, 67),2720
(281, 83),2721
(281, 84),2722
(281, 158),2723
(281, 172),2724
(281, 173),2725
(281, 177),2726
(281, 178),2727
(281, 180),2728
(281, 205),2729
(281, 208),2730
(281, 212),2731
(281, 232),2732
(281, 243),2733
(281, 252),2734
(281, 255),2735
(281, 258),2736
(281, 266),2737
(281, 269),2738
(281, 270),2739
(281, 281),2740
(281, 315),2741
(281, 366),2742
(281, 367),2743
(281, 374),2744
(281, 393),2745
(281, 396),2746
(281, 432),2747
(281, 435),2748
(281, 437),2749
(281, 445),2750
(281, 516),2751
(281, 554),2752
(281, 640),2753
(281, 692),2754
(281, 695),2755
(281, 696),2756
(281, 702),2757
(282, 636),2758
(283, 620),2759
(284, 478),2760
(285, 6),2761
(285, 33),2762
(285, 39),2763
(285, 48),2764
(285, 49),2765
(285, 51),2766
(285, 52),2767
(285, 63),2768
(285, 84),2769
(285, 186),2770
(285, 243),2771
(285, 283),2772
(285, 285),2773
(285, 562),2774
(285, 742),2775
(285, 743),2776
(286, 638),2777
(287, 639),2778
(288, 10),2779
(288, 11),2780
(288, 12),2781
(288, 14),2782
(288, 20),2783
(288, 22),2784
(289, 31),2785
(290, 12),2786
(290, 33),2787
(290, 55),2788
(290, 58),2789
(290, 63),2790
(290, 82),2791
(290, 140),2792
(290, 179),2793
(290, 183),2794
(290, 187),2795
(290, 188),2796
(290, 189),2797
(290, 191),2798
(290, 200),2799
(290, 201),2800
(290, 207),2801
(290, 213),2802
(290, 243),2803
(290, 263),2804
(290, 265),2805
(290, 266),2806
(290, 270),2807
(290, 284),2808
(290, 307),2809
(290, 345),2810
(290, 374),2811
(290, 640),2812
(291, 158),2813
(292, 47),2814
(292, 48),2815
(292, 53),2816
(292, 63),2817
(292, 77),2818
(292, 93),2819
(292, 133),2820
(292, 158),2821
(292, 205),2822
(292, 254),2823
(292, 266),2824
(292, 281),2825
(292, 319),2826
(292, 323),2827
(292, 342),2828
(292, 374),2829
(292, 393),2830
(292, 506),2831
(293, 32),2832
(293, 176),2833
(293, 642),2834
(294, 405),2835
(294, 641),2836
(295, 643),2837
(296, 404),2838
(297, 404),2839
(298, 53),2840
(298, 68),2841
(298, 96),2842
(298, 117),2843
(298, 120),2844
(298, 123),2845
(298, 124),2846
(298, 126),2847
(298, 137),2848
(298, 141),2849
(298, 145),2850
(298, 147),2851
(298, 148),2852
(298, 299),2853
(298, 361),2854
(298, 370),2855
(298, 404),2856
(298, 521),2857
(298, 821),2858
(298, 845),2859
(298, 852),2860
(299, 429),2861
(300, 158),2862
(300, 227),2863
(300, 310),2864
(301, 644),2865
(302, 645),2866
(303, 646),2867
(303, 647),2868
(304, 31),2869
(304, 507),2870
(304, 508),2871
(304, 539),2872
(305, 9),2873
(305, 587),2874
(306, 659),2875
(307, 660),2876
(307, 661),2877
(308, 204),2878
(309, 663),2879
(309, 664),2880
(309, 665),2881
(309, 666),2882
(309, 667),2883
(309, 668),2884
(309, 669),2885
(309, 670),2886
(310, 671),2887
(311, 13),2888
(311, 33),2889
(311, 132),2890
(311, 277),2891
(311, 460),2892
(311, 673),2893
(312, 674),2894
(312, 675),2895
(313, 136),2896
(313, 676),2897
(314, 677),2898
(315, 46),2899
(315, 63),2900
(315, 181),2901
(315, 320),2902
(315, 404),2903
(315, 406),2904
(315, 678),2905
(315, 680),2906
(316, 404),2907
(316, 816),2908
(317, 256),2909
(317, 319),2910
(317, 679),2911
(318, 33),2912
(318, 46),2913
(318, 203),2914
(318, 207),2915
(318, 277),2916
(318, 281),2917
(318, 320),2918
(318, 393),2919
(318, 604),2920
(319, 467),2921
(319, 468),2922
(319, 681),2923
(320, 68),2924
(320, 234),2925
(320, 235),2926
(320, 242),2927
(321, 682),2928
(322, 683),2929
(323, 289),2930
(323, 684),2931
(324, 111),2932
(324, 134),2933
(324, 354),2934
(324, 580),2935
(324, 686),2936
(325, 55),2937
(325, 84),2938
(325, 88),2939
(325, 105),2940
(325, 187),2941
(325, 364),2942
(326, 689),2943
(327, 8),2944
(327, 14),2945
(327, 18),2946
(327, 33),2947
(327, 39),2948
(327, 46),2949
(327, 47),2950
(327, 48),2951
(327, 51),2952
(327, 52),2953
(327, 53),2954
(327, 54),2955
(327, 55),2956
(327, 58),2957
(327, 59),2958
(327, 61),2959
(327, 64),2960
(327, 65),2961
(327, 66),2962
(327, 67),2963
(327, 73),2964
(327, 77),2965
(327, 85),2966
(327, 88),2967
(327, 89),2968
(327, 116),2969
(327, 121),2970
(327, 155),2971
(327, 173),2972
(327, 186),2973
(327, 193),2974
(327, 197),2975
(327, 200),2976
(327, 214),2977
(327, 220),2978
(327, 229),2979
(327, 233),2980
(327, 238),2981
(327, 254),2982
(327, 262),2983
(327, 265),2984
(327, 267),2985
(327, 269),2986
(327, 274),2987
(327, 276),2988
(327, 277),2989
(327, 303),2990
(327, 304),2991
(327, 317),2992
(327, 329),2993
(327, 333),2994
(327, 364),2995
(327, 392),2996
(327, 430),2997
(327, 437),2998
(327, 438),2999
(327, 448),3000
(327, 482),3001
(327, 502),3002
(327, 552),3003
(327, 553),3004
(327, 561),3005
(327, 584),3006
(327, 607),3007
(327, 635),3008
(327, 650),3009
(327, 652),3010
(327, 662),3011
(327, 690),3012
(327, 691),3013
(327, 693),3014
(327, 695),3015
(327, 698),3016
(328, 7),3017
(328, 33),3018
(328, 38),3019
(328, 39),3020
(328, 52),3021
(328, 54),3022
(328, 67),3023
(328, 83),3024
(328, 84),3025
(328, 158),3026
(328, 172),3027
(328, 173),3028
(328, 178),3029
(328, 180),3030
(328, 205),3031
(328, 212),3032
(328, 232),3033
(328, 252),3034
(328, 255),3035
(328, 258),3036
(328, 266),3037
(328, 269),3038
(328, 270),3039
(328, 281),3040
(328, 315),3041
(328, 366),3042
(328, 367),3043
(328, 374),3044
(328, 393),3045
(328, 396),3046
(328, 432),3047
(328, 435),3048
(328, 445),3049
(328, 516),3050
(328, 554),3051
(328, 640),3052
(328, 692),3053
(328, 695),3054
(328, 696),3055
(328, 702),3056
(329, 33),3057
(329, 46),3058
(329, 172),3059
(329, 173),3060
(329, 694),3061
(330, 459),3062
(330, 629),3063
(331, 697),3064
(332, 684),3065
(332, 818),3066
(333, 699),3067
(334, 299),3068
(335, 613),3069
(336, 701),3070
(337, 6),3071
(337, 36),3072
(337, 63),3073
(337, 194),3074
(337, 265),3075
(337, 359),3076
(337, 562),3077
(337, 633),3078
(337, 703),3079
(337, 704),3080
(337, 765),3081
(337, 768),3082
(338, 705),3083
(339, 210),3084
(340, 416),3085
(340, 706),3086
(340, 732),3087
(340, 733),3088
(341, 707),3089
(342, 38),3090
(342, 488),3091
(342, 560),3092
(343, 708),3093
(344, 709),3094
(345, 70),3095
(345, 72),3096
(345, 74),3097
(345, 76),3098
(345, 78),3099
(345, 81),3100
(345, 86),3101
(345, 493),3102
(345, 497),3103
(345, 512),3104
(345, 513),3105
(345, 546),3106
(345, 550),3107
(345, 711),3108
(345, 712),3109
(345, 713),3110
(345, 716),3111
(345, 719),3112
(346, 710),3113
(347, 170),3114
(348, 714),3115
(348, 715),3116
(349, 717),3117
(350, 718),3118
(350, 721),3119
(351, 76),3120
(351, 513),3121
(352, 722),3122
(353, 416),3123
(354, 724),3124
(355, 33),3125
(355, 158),3126
(355, 270),3127
(355, 727),3128
(356, 725),3129
(356, 726),3130
(357, 299),3131
(358, 20),3132
(358, 33),3133
(358, 47),3134
(358, 48),3135
(358, 62),3136
(358, 64),3137
(358, 68),3138
(358, 77),3139
(358, 687),3140
(358, 728),3141
(359, 186),3142
(360, 729),3143
(360, 730),3144
(361, 731),3145
(362, 416),3146
(362, 706),3147
(362, 732),3148
(362, 733),3149
(363, 675),3150
(364, 404),3151
(364, 734),3152
(364, 736),3153
(364, 737),3154
(365, 476),3155
(366, 153),3156
(366, 404),3157
(366, 680),3158
(366, 817),3159
(367, 408),3160
(368, 404),3161
(369, 78),3162
(369, 387),3163
(369, 738),3164
(370, 25),3165
(370, 407),3166
(370, 591),3167
(370, 592),3168
(370, 593),3169
(371, 339),3170
(371, 340),3171
(372, 33),3172
(373, 457),3173
(374, 204),3174
(374, 456),3175
(374, 457),3176
(374, 458),3177
(375, 739),3178
(376, 740),3179
(377, 40),3180
(377, 725),3181
(377, 726),3182
(378, 14),3183
(378, 22),3184
(378, 33),3185
(378, 46),3186
(378, 47),3187
(378, 51),3188
(378, 56),3189
(378, 59),3190
(378, 82),3191
(378, 84),3192
(378, 90),3193
(378, 179),3194
(378, 181),3195
(378, 182),3196
(378, 188),3197
(378, 195),3198
(378, 196),3199
(378, 207),3200
(378, 212),3201
(378, 263),3202
(378, 285),3203
(378, 305),3204
(378, 649),3205
(379, 341),3206
(379, 344),3207
(380, 404),3208
(381, 170),3209
(381, 372),3210
(382, 6),3211
(382, 33),3212
(382, 39),3213
(382, 49),3214
(382, 52),3215
(382, 63),3216
(382, 84),3217
(382, 243),3218
(382, 562),3219
(382, 742),3220
(382, 743),3221
(383, 204),3222
(384, 470),3223
(384, 744),3224
(385, 745),3225
(385, 746),3226
(385, 747),3227
(386, 416),3228
(387, 33),3229
(388, 6),3230
(388, 36),3231
(388, 63),3232
(388, 194),3233
(388, 265),3234
(388, 359),3235
(388, 562),3236
(388, 633),3237
(388, 765),3238
(388, 768),3239
(389, 12),3240
(389, 20),3241
(389, 41),3242
(389, 44),3243
(389, 47),3244
(389, 48),3245
(389, 50),3246
(389, 77),3247
(389, 89),3248
(389, 90),3249
(389, 105),3250
(389, 127),3251
(389, 133),3252
(389, 180),3253
(389, 188),3254
(389, 198),3255
(389, 201),3256
(389, 202),3257
(389, 205),3258
(389, 209),3259
(389, 224),3260
(389, 225),3261
(389, 230),3262
(389, 231),3263
(389, 232),3264
(389, 233),3265
(389, 237),3266
(389, 239),3267
(389, 241),3268
(389, 243),3269
(389, 244),3270
(389, 248),3271
(389, 250),3272
(389, 252),3273
(389, 255),3274
(389, 258),3275
(389, 262),3276
(389, 264),3277
(389, 306),3278
(389, 393),3279
(389, 397),3280
(389, 401),3281
(389, 635),3282
(390, 408),3283
(391, 748),3284
(391, 749),3285
(391, 750),3286
(391, 751),3287
(391, 752),3288
(391, 753),3289
(391, 754),3290
(391, 755),3291
(391, 756),3292
(391, 757),3293
(391, 758),3294
(391, 759),3295
(391, 760),3296
(391, 761),3297
(391, 762),3298
(391, 763),3299
(391, 764),3300
(391, 766),3301
(391, 767),3302
(391, 770),3303
(392, 771),3304
(393, 404),3305
(393, 772),3306
(394, 734),3307
(395, 773),3308
(396, 349),3309
(396, 587),3310
(397, 210),3311
(398, 47),3312
(398, 48),3313
(398, 53),3314
(398, 63),3315
(398, 77),3316
(398, 93),3317
(398, 133),3318
(398, 158),3319
(398, 205),3320
(398, 254),3321
(398, 266),3322
(398, 281),3323
(398, 319),3324
(398, 323),3325
(398, 342),3326
(398, 374),3327
(398, 393),3328
(398, 506),3329
(399, 713),3330
(400, 494),3331
(401, 740),3332
(402, 46),3333
(402, 71),3334
(402, 182),3335
(402, 207),3336
(403, 275),3337
(404, 774),3338
(405, 775),3339
(406, 776),3340
(407, 33),3341
(407, 46),3342
(407, 67),3343
(407, 180),3344
(407, 182),3345
(407, 200),3346
(407, 205),3347
(407, 243),3348
(407, 307),3349
(407, 403),3350
(408, 468),3351
(409, 0),3352
(410, 57),3353
(410, 275),3354
(411, 7),3355
(411, 66),3356
(411, 440),3357
(412, 33),3358
(412, 283),3359
(413, 136),3360
(413, 137),3361
(413, 141),3362
(413, 148),3363
(413, 370),3364
(413, 527),3365
(414, 12),3366
(414, 33),3367
(414, 55),3368
(414, 275),3369
(415, 757),3370
(416, 112),3371
(416, 158),3372
(416, 200),3373
(416, 207),3374
(416, 316),3375
(417, 7),3376
(417, 66),3377
(417, 440),3378
(418, 564),3379
(418, 627),3380
(419, 48),3381
(419, 49),3382
(419, 59),3383
(419, 63),3384
(419, 67),3385
(419, 223),3386
(419, 263),3387
(419, 268),3388
(419, 281),3389
(419, 307),3390
(419, 308),3391
(419, 469),3392
(419, 471),3393
(420, 33),3394
(420, 55),3395
(420, 64),3396
(420, 158),3397
(420, 186),3398
(420, 281),3399
(420, 285),3400
(420, 391),3401
(421, 777),3402
(421, 778),3403
(422, 296),3404
(422, 779),3405
(423, 613),3406
(423, 682),3407
(424, 33),3408
(424, 179),3409
(424, 183),3410
(424, 189),3411
(424, 201),3412
(424, 244),3413
(424, 402),3414
(425, 20),3415
(425, 33),3416
(425, 47),3417
(425, 48),3418
(425, 62),3419
(425, 64),3420
(425, 68),3421
(425, 77),3422
(425, 173),3423
(425, 687),3424
(425, 728),3425
(426, 77),3426
(426, 88),3427
(426, 101),3428
(426, 106),3429
(426, 221),3430
(426, 259),3431
(426, 303),3432
(426, 628),3433
(427, 459),3434
(427, 510),3435
(427, 629),3436
(427, 630),3437
(427, 780),3438
(427, 791),3439
(428, 781),3440
(429, 51),3441
(429, 62),3442
(429, 64),3443
(429, 89),3444
(429, 101),3445
(430, 563),3446
(430, 564),3447
(430, 641),3448
(430, 713),3449
(430, 779),3450
(430, 782),3451
(430, 783),3452
(430, 784),3453
(430, 785),3454
(430, 786),3455
(430, 788),3456
(430, 790),3457
(431, 169),3458
(431, 613),3459
(431, 614),3460
(431, 615),3461
(431, 617),3462
(431, 787),3463
(431, 789),3464
(432, 408),3465
(433, 3),3466
(433, 7),3467
(433, 12),3468
(433, 18),3469
(433, 22),3470
(433, 33),3471
(433, 36),3472
(433, 39),3473
(433, 46),3474
(433, 47),3475
(433, 48),3476
(433, 50),3477
(433, 51),3478
(433, 52),3479
(433, 53),3480
(433, 56),3481
(433, 59),3482
(433, 61),3483
(433, 62),3484
(433, 66),3485
(433, 69),3486
(433, 71),3487
(433, 73),3488
(433, 75),3489
(433, 82),3490
(433, 83),3491
(433, 84),3492
(433, 85),3493
(433, 89),3494
(433, 90),3495
(433, 93),3496
(433, 94),3497
(433, 97),3498
(433, 99),3499
(433, 106),3500
(433, 107),3501
(433, 108),3502
(433, 109),3503
(433, 110),3504
(433, 112),3505
(433, 116),3506
(433, 119),3507
(433, 121),3508
(433, 122),3509
(433, 127),3510
(433, 129),3511
(433, 132),3512
(433, 140),3513
(433, 188),3514
(433, 189),3515
(433, 195),3516
(433, 197),3517
(433, 198),3518
(433, 200),3519
(433, 205),3520
(433, 212),3521
(433, 213),3522
(433, 214),3523
(433, 228),3524
(433, 229),3525
(433, 232),3526
(433, 237),3527
(433, 243),3528
(433, 245),3529
(433, 246),3530
(433, 249),3531
(433, 251),3532
(433, 253),3533
(433, 255),3534
(433, 256),3535
(433, 258),3536
(433, 263),3537
(433, 265),3538
(433, 269),3539
(433, 270),3540
(433, 283),3541
(433, 285),3542
(433, 305),3543
(433, 316),3544
(433, 321),3545
(433, 325),3546
(433, 333),3547
(433, 335),3548
(433, 342),3549
(433, 345),3550
(433, 391),3551
(433, 392),3552
(433, 396),3553
(433, 401),3554
(433, 403),3555
(433, 419),3556
(433, 432),3557
(433, 437),3558
(433, 439),3559
(433, 443),3560
(433, 448),3561
(433, 449),3562
(433, 450),3563
(433, 451),3564
(433, 452),3565
(433, 453),3566
(433, 502),3567
(433, 552),3568
(433, 561),3569
(433, 648),3570
(433, 650),3571
(433, 652),3572
(433, 655),3573
(433, 656),3574
(433, 690),3575
(433, 793),3576
(433, 794),3577
(434, 387),3578
(434, 536),3579
(434, 537),3580
(434, 540),3581
(435, 620),3582
(436, 33),3583
(436, 158),3584
(436, 270),3585
(436, 727),3586
(437, 795),3587
(437, 796),3588
(438, 798),3589
(439, 164),3590
(440, 48),3591
(440, 82),3592
(440, 105),3593
(440, 193),3594
(440, 224),3595
(440, 237),3596
(440, 241),3597
(440, 251),3598
(440, 262),3599
(440, 329),3600
(440, 422),3601
(440, 424),3602
(440, 428),3603
(440, 443),3604
(440, 444),3605
(440, 565),3606
(441, 279),3607
(441, 613),3608
(442, 74),3609
(442, 76),3610
(442, 78),3611
(442, 79),3612
(442, 81),3613
(442, 92),3614
(442, 490),3615
(442, 491),3616
(442, 495),3617
(442, 498),3618
(442, 513),3619
(442, 550),3620
(442, 685),3621
(442, 711),3622
(442, 799),3623
(442, 800),3624
(442, 801),3625
(442, 802),3626
(442, 803),3627
(442, 804),3628
(442, 805),3629
(442, 806),3630
(443, 341),3631
(443, 344),3632
(444, 74),3633
(444, 76),3634
(444, 78),3635
(444, 79),3636
(444, 81),3637
(444, 86),3638
(444, 387),3639
(444, 459),3640
(444, 490),3641
(444, 491),3642
(444, 493),3643
(444, 495),3644
(444, 499),3645
(444, 550),3646
(444, 712),3647
(444, 713),3648
(444, 719),3649
(444, 803),3650
(444, 805),3651
(444, 807),3652
(444, 808),3653
(444, 809),3654
(444, 810),3655
(444, 811),3656
(445, 12),3657
(445, 48),3658
(445, 89),3659
(445, 158),3660
(445, 812),3661
(446, 170),3662
(446, 798),3663
(447, 79),3664
(448, 813),3665
(449, 117),3666
(449, 278),3667
(449, 531),3668
(449, 814),3669
(450, 404),3670
(451, 404),3671
(451, 816),3672
(452, 740),3673
(453, 675),3674
(454, 249),3675
(455, 620),3676
(456, 33),3677
(456, 46),3678
(456, 67),3679
(456, 180),3680
(456, 182),3681
(456, 200),3682
(456, 205),3683
(456, 243),3684
(456, 307),3685
(456, 403),3686
(457, 404),3687
(457, 817),3688
(458, 620),3689
(459, 248),3690
(460, 33),3691
(460, 48),3692
(460, 67),3693
(460, 68),3694
(460, 159),3695
(460, 201),3696
(460, 205),3697
(460, 258),3698
(460, 367),3699
(460, 435),3700
(460, 544),3701
(461, 3),3702
(461, 6),3703
(461, 7),3704
(461, 8),3705
(461, 12),3706
(461, 14),3707
(461, 20),3708
(461, 21),3709
(461, 22),3710
(461, 33),3711
(461, 36),3712
(461, 38),3713
(461, 39),3714
(461, 41),3715
(461, 43),3716
(461, 44),3717
(461, 46),3718
(461, 47),3719
(461, 48),3720
(461, 49),3721
(461, 50),3722
(461, 51),3723
(461, 52),3724
(461, 55),3725
(461, 56),3726
(461, 57),3727
(461, 58),3728
(461, 59),3729
(461, 61),3730
(461, 62),3731
(461, 63),3732
(461, 64),3733
(461, 65),3734
(461, 66),3735
(461, 67),3736
(461, 68),3737
(461, 75),3738
(461, 77),3739
(461, 80),3740
(461, 82),3741
(461, 83),3742
(461, 84),3743
(461, 85),3744
(461, 88),3745
(461, 89),3746
(461, 90),3747
(461, 93),3748
(461, 94),3749
(461, 97),3750
(461, 99),3751
(461, 101),3752
(461, 102),3753
(461, 105),3754
(461, 107),3755
(461, 108),3756
(461, 109),3757
(461, 110),3758
(461, 112),3759
(461, 113),3760
(461, 115),3761
(461, 116),3762
(461, 118),3763
(461, 119),3764
(461, 121),3765
(461, 122),3766
(461, 127),3767
(461, 129),3768
(461, 131),3769
(461, 132),3770
(461, 133),3771
(461, 155),3772
(461, 158),3773
(461, 159),3774
(461, 173),3775
(461, 177),3776
(461, 178),3777
(461, 179),3778
(461, 180),3779
(461, 181),3780
(461, 182),3781
(461, 183),3782
(461, 186),3783
(461, 188),3784
(461, 189),3785
(461, 193),3786
(461, 194),3787
(461, 195),3788
(461, 197),3789
(461, 198),3790
(461, 199),3791
(461, 200),3792
(461, 201),3793
(461, 202),3794
(461, 203),3795
(461, 207),3796
(461, 208),3797
(461, 209),3798
(461, 212),3799
(461, 213),3800
(461, 214),3801
(461, 215),3802
(461, 220),3803
(461, 221),3804
(461, 223),3805
(461, 224),3806
(461, 226),3807
(461, 227),3808
(461, 228),3809
(461, 229),3810
(461, 231),3811
(461, 232),3812
(461, 233),3813
(461, 237),3814
(461, 238),3815
(461, 239),3816
(461, 241),3817
(461, 243),3818
(461, 244),3819
(461, 246),3820
(461, 248),3821
(461, 250),3822
(461, 251),3823
(461, 252),3824
(461, 253),3825
(461, 254),3826
(461, 256),3827
(461, 258),3828
(461, 260),3829
(461, 261),3830
(461, 263),3831
(461, 264),3832
(461, 265),3833
(461, 269),3834
(461, 270),3835
(461, 274),3836
(461, 276),3837
(461, 283),3838
(461, 285),3839
(461, 292),3840
(461, 293),3841
(461, 297),3842
(461, 298),3843
(461, 300),3844
(461, 303),3845
(461, 304),3846
(461, 305),3847
(461, 306),3848
(461, 307),3849
(461, 309),3850
(461, 310),3851
(461, 311),3852
(461, 312),3853
(461, 313),3854
(461, 314),3855
(461, 315),3856
(461, 316),3857
(461, 317),3858
(461, 318),3859
(461, 319),3860
(461, 320),3861
(461, 321),3862
(461, 322),3863
(461, 323),3864
(461, 324),3865
(461, 325),3866
(461, 329),3867
(461, 331),3868
(461, 334),3869
(461, 335),3870
(461, 342),3871
(461, 345),3872
(461, 374),3873
(461, 396),3874
(461, 401),3875
(461, 403),3876
(461, 419),3877
(461, 420),3878
(461, 421),3879
(461, 422),3880
(461, 423),3881
(461, 424),3882
(461, 425),3883
(461, 426),3884
(461, 427),3885
(461, 428),3886
(461, 430),3887
(461, 432),3888
(461, 436),3889
(461, 437),3890
(461, 438),3891
(461, 439),3892
(461, 440),3893
(461, 442),3894
(461, 443),3895
(461, 444),3896
(461, 445),3897
(461, 446),3898
(461, 448),3899
(461, 487),3900
(461, 502),3901
(461, 506),3902
(461, 543),3903
(461, 547),3904
(461, 554),3905
(461, 555),3906
(461, 561),3907
(461, 611),3908
(461, 648),3909
(461, 649),3910
(461, 650),3911
(461, 651),3912
(461, 652),3913
(461, 653),3914
(461, 654),3915
(461, 657),3916
(461, 658),3917
(461, 662),3918
(461, 672),3919
(461, 700),3920
(461, 720),3921
(461, 735),3922
(461, 797),3923
(461, 825),3924
(461, 833),3925
(461, 838),3926
(461, 839),3927
(462, 476),3928
(463, 179),3929
(463, 307),3930
(463, 363),3931
(463, 404),3932
(463, 405),3933
(463, 406),3934
(463, 501),3935
(464, 818),3936
(465, 248),3937
(466, 219),3938
(467, 83),3939
(467, 307),3940
(468, 173),3941
(468, 267),3942
(468, 887),3943
(469, 84),3944
(469, 144),3945
(469, 214),3946
(469, 368),3947
(469, 369),3948
(469, 370),3949
(470, 819),3950
(471, 6),3951
(471, 12),3952
(471, 20),3953
(471, 22),3954
(471, 39),3955
(471, 48),3956
(471, 50),3957
(471, 84),3958
(471, 110),3959
(471, 112),3960
(471, 115),3961
(471, 120),3962
(471, 124),3963
(471, 126),3964
(471, 128),3965
(471, 138),3966
(471, 158),3967
(471, 198),3968
(471, 200),3969
(471, 248),3970
(471, 255),3971
(471, 258),3972
(471, 292),3973
(471, 391),3974
(471, 443),3975
(471, 448),3976
(471, 527),3977
(471, 529),3978
(471, 820),3979
(471, 821),3980
(471, 822),3981
(471, 823),3982
(471, 824),3983
(471, 827),3984
(472, 57),3985
(472, 275),3986
(473, 164),3987
(474, 826),3988
(475, 406),3989
(476, 6),3990
(476, 18),3991
(476, 20),3992
(476, 33),3993
(476, 41),3994
(476, 46),3995
(476, 47),3996
(476, 49),3997
(476, 50),3998
(476, 68),3999
(476, 102),4000
(476, 132),4001
(476, 142),4002
(476, 159),4003
(476, 179),4004
(476, 183),4005
(476, 186),4006
(476, 203),4007
(476, 246),4008
(476, 252),4009
(476, 271),4010
(476, 294),4011
(476, 307),4012
(476, 316),4013
(476, 317),4014
(476, 320),4015
(476, 324),4016
(476, 342),4017
(476, 371),4018
(476, 375),4019
(476, 399),4020
(476, 403),4021
(476, 445),4022
(476, 449),4023
(476, 475),4024
(476, 488),4025
(476, 603),4026
(476, 687),4027
(476, 695),4028
(476, 696),4029
(476, 828),4030
(477, 3),4031
(477, 6),4032
(477, 7),4033
(477, 22),4034
(477, 33),4035
(477, 36),4036
(477, 39),4037
(477, 41),4038
(477, 46),4039
(477, 47),4040
(477, 48),4041
(477, 51),4042
(477, 52),4043
(477, 53),4044
(477, 54),4045
(477, 55),4046
(477, 57),4047
(477, 59),4048
(477, 63),4049
(477, 65),4050
(477, 67),4051
(477, 68),4052
(477, 73),4053
(477, 84),4054
(477, 89),4055
(477, 90),4056
(477, 102),4057
(477, 108),4058
(477, 113),4059
(477, 116),4060
(477, 129),4061
(477, 131),4062
(477, 132),4063
(477, 158),4064
(477, 173),4065
(477, 177),4066
(477, 178),4067
(477, 179),4068
(477, 180),4069
(477, 181),4070
(477, 183),4071
(477, 184),4072
(477, 186),4073
(477, 187),4074
(477, 188),4075
(477, 189),4076
(477, 191),4077
(477, 197),4078
(477, 198),4079
(477, 200),4080
(477, 201),4081
(477, 202),4082
(477, 203),4083
(477, 205),4084
(477, 206),4085
(477, 207),4086
(477, 208),4087
(477, 212),4088
(477, 213),4089
(477, 214),4090
(477, 215),4091
(477, 225),4092
(477, 227),4093
(477, 243),4094
(477, 244),4095
(477, 249),4096
(477, 250),4097
(477, 252),4098
(477, 255),4099
(477, 258),4100
(477, 259),4101
(477, 263),4102
(477, 265),4103
(477, 266),4104
(477, 269),4105
(477, 270),4106
(477, 271),4107
(477, 274),4108
(477, 275),4109
(477, 281),4110
(477, 283),4111
(477, 285),4112
(477, 292),4113
(477, 293),4114
(477, 303),4115
(477, 305),4116
(477, 307),4117
(477, 313),4118
(477, 315),4119
(477, 316),4120
(477, 317),4121
(477, 319),4122
(477, 320),4123
(477, 329),4124
(477, 331),4125
(477, 342),4126
(477, 363),4127
(477, 364),4128
(477, 367),4129
(477, 374),4130
(477, 375),4131
(477, 393),4132
(477, 396),4133
(477, 398),4134
(477, 400),4135
(477, 401),4136
(477, 403),4137
(477, 410),4138
(477, 445),4139
(477, 446),4140
(477, 516),4141
(477, 544),4142
(477, 553),4143
(477, 601),4144
(477, 640),4145
(477, 694),4146
(477, 741),4147
(477, 742),4148
(478, 11),4149
(478, 33),4150
(478, 47),4151
(478, 48),4152
(478, 56),4153
(478, 57),4154
(478, 68),4155
(478, 77),4156
(478, 89),4157
(478, 96),4158
(478, 118),4159
(478, 137),4160
(478, 141),4161
(478, 145),4162
(478, 197),4163
(478, 308),4164
(478, 354),4165
(478, 589),4166
(478, 590),4167
(478, 613),4168
(478, 723),4169
(479, 7),4170
(479, 8),4171
(479, 33),4172
(479, 38),4173
(479, 39),4174
(479, 46),4175
(479, 53),4176
(479, 56),4177
(479, 57),4178
(479, 58),4179
(479, 63),4180
(479, 67),4181
(479, 68),4182
(479, 84),4183
(479, 102),4184
(479, 158),4185
(479, 159),4186
(479, 173),4187
(479, 177),4188
(479, 178),4189
(479, 179),4190
(479, 180),4191
(479, 181),4192
(479, 183),4193
(479, 184),4194
(479, 185),4195
(479, 186),4196
(479, 187),4197
(479, 188),4198
(479, 189),4199
(479, 190),4200
(479, 191),4201
(479, 201),4202
(479, 202),4203
(479, 207),4204
(479, 208),4205
(479, 212),4206
(479, 213),4207
(479, 215),4208
(479, 243),4209
(479, 244),4210
(479, 248),4211
(479, 250),4212
(479, 255),4213
(479, 258),4214
(479, 259),4215
(479, 263),4216
(479, 266),4217
(479, 270),4218
(479, 275),4219
(479, 281),4220
(479, 293),4221
(479, 305),4222
(479, 307),4223
(479, 315),4224
(479, 331),4225
(479, 342),4226
(479, 366),4227
(479, 374),4228
(479, 393),4229
(479, 403),4230
(479, 410),4231
(479, 445),4232
(479, 543),4233
(479, 601),4234
(479, 688),4235
(480, 275),4236
(480, 829),4237
(481, 3),4238
(481, 68),4239
(481, 96),4240
(481, 98),4241
(481, 136),4242
(481, 173),4243
(481, 290),4244
(481, 292),4245
(481, 335),4246
(481, 569),4247
(481, 570),4248
(481, 576),4249
(481, 579),4250
(481, 589),4251
(481, 825),4252
(481, 830),4253
(481, 831),4254
(481, 832),4255
(481, 833),4256
(481, 834),4257
(481, 835),4258
(482, 836),4259
(483, 837),4260
(484, 602),4261
(485, 136),4262
(485, 676),4263
(486, 503),4264
(487, 677),4265
(488, 621),4266
(489, 151),4267
(490, 5),4268
(491, 408),4269
(492, 134),4270
(492, 136),4271
(492, 147),4272
(492, 153),4273
(492, 214),4274
(492, 304),4275
(492, 338),4276
(492, 354),4277
(492, 370),4278
(492, 580),4279
(492, 686),4280
(492, 847),4281
(492, 874),4282
(493, 33),4283
(494, 37),4284
(495, 51),4285
(495, 62),4286
(495, 64),4287
(495, 89),4288
(495, 101),4289
(496, 170),4290
(497, 440),4291
(498, 405),4292
(498, 641),4293
(499, 6),4294
(499, 12),4295
(499, 207),4296
(499, 299),4297
(499, 300),4298
(500, 33),4299
(500, 179),4300
(500, 183),4301
(500, 189),4302
(501, 33),4303
(501, 51),4304
(501, 133),4305
(502, 24),4306
(502, 25),4307
(502, 26),4308
(502, 27),4309
(502, 28),4310
(502, 29),4311
(503, 844),4312
(504, 447),4313
(505, 120),4314
(505, 124),4315
(505, 126),4316
(505, 134),4317
(505, 136),4318
(505, 137),4319
(505, 141),4320
(505, 145),4321
(505, 148),4322
(505, 153),4323
(505, 347),4324
(505, 361),4325
(505, 370),4326
(505, 447),4327
(505, 527),4328
(505, 529),4329
(505, 872),4330
(506, 433),4331
(506, 434),4332
(507, 494),4333
(508, 597),4334
(509, 32),4335
(510, 94),4336
(511, 296),4337
(511, 855),4338
(512, 837),4339
(513, 408),4340
(514, 381),4341
(515, 234),4342
(516, 729),4343
(516, 730),4344
(517, 709),4345
(518, 856),4346
(518, 857),4347
(519, 216),4348
(520, 562),4349
(521, 33),4350
(521, 55),4351
(521, 64),4352
(521, 158),4353
(521, 186),4354
(521, 281),4355
(521, 285),4356
(521, 391),4357
(522, 748),4358
(522, 749),4359
(522, 750),4360
(522, 751),4361
(522, 752),4362
(522, 753),4363
(522, 754),4364
(522, 755),4365
(522, 756),4366
(522, 757),4367
(522, 758),4368
(522, 759),4369
(522, 760),4370
(522, 761),4371
(522, 762),4372
(522, 763),4373
(522, 764),4374
(522, 766),4375
(522, 767),4376
(522, 770),4377
(522, 771),4378
(522, 896),4379
(522, 902),4380
(523, 125),4381
(524, 718),4382
(524, 721),4383
(525, 745),4384
(525, 746),4385
(525, 747),4386
(526, 154),4387
(527, 795),4388
(527, 796),4389
(528, 404),4390
(529, 404),4391
(529, 713),4392
(530, 404),4393
(530, 772),4394
(531, 28),4395
(531, 154),4396
(531, 165),4397
(531, 167),4398
(531, 168),4399
(531, 406),4400
(532, 158),4401
(532, 227),4402
(532, 310),4403
(533, 247),4404
(533, 359),4405
(533, 619),4406
(534, 567),4407
(535, 494),4408
(536, 78),4409
(536, 387),4410
(536, 738),4411
(537, 33),4412
(538, 164),4413
(539, 335),4414
(540, 166),4415
(541, 717),4416
(542, 169),4417
(543, 284),4418
(543, 571),4419
(543, 572),4420
(543, 573),4421
(543, 574),4422
(543, 575),4423
(544, 291),4424
(545, 562),4425
(545, 878),4426
(545, 879),4427
(546, 489),4428
(546, 492),4429
(547, 74),4430
(547, 81),4431
(547, 86),4432
(547, 550),4433
(548, 417),4434
(549, 775),4435
(550, 204),4436
(551, 404),4437
(552, 210),4438
(552, 211),4439
(553, 204),4440
(553, 456),4441
(553, 880),4442
(554, 32),4443
(554, 176),4444
(554, 642),4445
(555, 613),4446
(556, 699),4447
(557, 631),4448
(558, 39),4449
(559, 660),4450
(559, 661),4451
(560, 598),4452
(560, 599),4453
(560, 600),4454
(561, 1),4455
(561, 2),4456
(562, 562),4457
(563, 33),4458
(563, 562),4459
(564, 776),4460
(565, 722),4461
(566, 595),4462
(566, 596),4463
(567, 204),4464
(567, 456),4465
(568, 134),4466
(569, 240),4467
(570, 633),4468
(571, 256),4469
(571, 319),4470
(571, 679),4471
(572, 504),4472
(573, 301),4473
(574, 275),4474
(574, 829),4475
(575, 302),4476
(576, 714),4477
(576, 715),4478
(577, 882),4479
(578, 171),4480
(579, 326),4481
(579, 327),4482
(579, 328),4483
(579, 330),4484
(580, 713),4485
(581, 459),4486
(581, 629),4487
(582, 338),4488
(583, 346),4489
(584, 829),4490
(585, 883),4491
(586, 408),4492
(587, 634),4493
(588, 373),4494
(589, 476),4495
(590, 344),4496
(591, 380),4497
(592, 383),4498
(592, 386),4499
(592, 387),4500
(592, 388),4501
(593, 674),4502
(593, 675),4503
(594, 594),4504
(595, 607),4505
(596, 697),4506
(597, 416),4507
(597, 616),4508
(598, 41),4509
(599, 511),4510
(600, 886),4511
(601, 632),4512
(602, 644),4513
(603, 210),4514
(604, 431),4515
(605, 646),4516
(605, 647),4517
(606, 145),4518
(607, 701),4519
(608, 343),4520
(609, 341),4521
(609, 571),4522
(609, 612),4523
(610, 461),4524
(611, 204),4525
(611, 454),4526
(611, 456),4527
(611, 457),4528
(611, 458),4529
(612, 76),4530
(612, 513),4531
(613, 79),4532
(614, 474),4533
(615, 477),4534
(615, 479),4535
(615, 480),4536
(615, 481),4537
(615, 483),4538
(615, 484),4539
(615, 485),4540
(615, 486),4541
(616, 638),4542
(617, 496),4543
(618, 777),4544
(618, 778),4545
(619, 757),4546
(620, 416),4547
(621, 710),4548
(622, 533),4549
(623, 541),4550
(624, 249),4551
(625, 588),4552
(625, 888),4553
(625, 889),4554
(625, 890),4555
(626, 280),4556
(627, 63),4557
(628, 417),4558
(628, 418),4559
(629, 338),4560
(630, 826),4561
(631, 476),4562
(632, 734),4563
(633, 771),4564
(634, 620),4565
(635, 636),4566
(636, 210),4567
(637, 639),4568
(638, 819),4569
(639, 663),4570
(639, 664),4571
(639, 665),4572
(639, 666),4573
(639, 667),4574
(639, 668),4575
(639, 669),4576
(639, 670),4577
(639, 893),4578
(640, 891),4579
(641, 643),4580
(642, 645),4581
(643, 164),4582
(644, 836),4583
(645, 659),4584
(646, 164),4585
(647, 683),4586
(648, 689),4587
(649, 378),4588
(650, 389),4589
(650, 394),4590
(650, 395),4591
(651, 705),4592
(652, 708),4593
(653, 204),4594
(654, 731),4595
(655, 416),4596
(656, 724),4597
(657, 476),4598
(658, 372),4599
(658, 894),4600
(658, 895),4601
(659, 457),4602
(660, 416),4603
(661, 154),4604
(662, 773),4605
(663, 774),4606
(664, 468),4607
(665, 408),4608
(666, 897),4609
(666, 898),4610
(667, 558),4611
(668, 154),4612
(669, 776),4613
(670, 813),4614
(671, 903),4615
(672, 372),4616
