0,[0]
1,[2, 3, 1567]
2,[4, 523, 538, 520, 551, 2341, 2333, 2371, 2332, 2398, 2710, 2713, 2958, 3244, 3245, 3475, 3479, 3481, 3577, 3517, 3564, 3537, 3506, 3516, 3490, 4251, 4250, 4253, 4242, 4254, 4241, 4255, 4252, 4247, 4238, 4256, 4240, 4257, 4239, 4258, 3829, 3703, 3925, 3926, 3793, 3779, 3752, 3845, 3813, 3927, 3706, 3913, 3722, 3783, 757, 760, 1252, 1905, 1253, 338, 1898, 101, 131, 1897, 19, 1900, 1888, 1901, 1887, 1902, 1899, 1894, 1883, 1903, 1886, 1904, 1885, 1143, 861, 970, 1159, 892, 1148, 1150, 851, 148, 1247, 850, 921, 247, 1668, 248, 1234, 1683, 111, 1186, 1665, 97, 1207, 1696, 69, 1175, 165, 1185, 249, 22, 234, 38]
3,[5, 11]
4,[10, 2015, 2014, 2016, 2017, 2018, 4268]
5,[20, 21, 29, 556, 793, 794, 791, 795, 796, 785, 798, 799, 800, 801, 802, 803, 787, 804, 805, 806, 108, 97, 110, 111, 112, 113, 1105, 1106, 114, 115, 813]
6,[251, 2873]
7,[252, 1752, 1765, 1828, 1932, 2176, 2226, 2245, 2387, 2330, 2366, 2391, 2441, 2612, 2919, 3690, 3699, 3970, 4092, 1372, 1391, 1521, 666, 1618, 910, 887, 914, 1035, 3937, 2779, 1108, 2098, 1441, 3939, 3942, 3948]
8,[253, 254, 256, 257, 404, 393, 430, 391, 437, 392, 407, 1812, 1824, 1811, 1810, 1805, 1804, 2205, 2440, 2571, 2949, 3186, 3241, 3281, 3249, 3245, 3366, 3367, 3468, 3511, 3469, 3591, 3594, 3592, 3600, 3956, 3960, 3954, 3953, 3952, 4149, 4158, 3998, 3708, 3706, 3704, 4192, 4175, 3995, 1351, 1505, 1517, 1504, 1503, 1498, 1497, 1249, 1290, 1258, 1253, 563, 560, 24, 22, 20, 1600, 1605, 1598, 1597, 1596, 39, 990, 58, 34, 98, 797, 778, 1406, 1922, 1136, 1137, 1180, 706, 2781, 2783, 2780, 2784, 720, 278, 267, 946, 330, 4050]
9,[258, 22, 330]
10,[255, 1811, 1806, 1813, 1816, 2019, 1504, 1499, 1506, 1509, 4291, 2782]
11,[260, 261, 262, 263, 264]
12,[266]
13,[267]
14,[295, 2013, 4312, 4313, 4327]
15,[296, 4306]
16,[297, 4307]
17,[298, 4308]
18,[299, 1931, 1927, 1935, 1941, 1943, 2146, 3608, 4162, 4158, 4168, 1403, 283, 278, 291, 871, 2082, 2091, 2854, 2109, 2107, 2859, 1699, 2851, 2076, 2092, 1681, 2857, 2088, 1691, 2844, 2104, 2097, 2853, 1649, 2099, 942, 2080, 2114, 1700, 1629, 2108, 2077, 2085, 1672, 2115, 2084, 2113, 2850, 2075, 2094, 2852, 2116, 2079, 2081, 2840, 2093, 2849, 2087, 2072, 2117, 2096, 2842, 2089, 2118, 2845, 4309, 2095, 2855, 2086, 2860, 2848, 2083, 2074, 4333, 2112, 2102, 2694, 2858, 250, 2073, 2843, 2111, 2847, 2106, 2090]
19,[300, 4310]
20,[301, 4311]
21,[300, 4310]
22,[296, 4306]
23,[302]
24,[304]
25,[305]
26,[307, 328, 310, 609, 993, 984, 974, 983, 330]
27,[395, 394]
28,[439]
29,[395, 391, 396, 394, 401, 1458, 1467, 1457, 1468, 1469, 2606, 2607, 2608, 2710, 3057, 2947, 752, 753, 754, 698, 307, 306, 317, 318, 319, 58, 328]
30,[449, 4284]
31,[456, 461, 460, 459, 463, 458, 470, 1458, 1472, 1461, 1468, 1464, 1467, 1471, 2948, 2953, 2958, 2955, 2971, 2947, 2968, 2977, 2964, 2994, 2984, 2952, 2951, 2954, 3538, 3494, 3479, 3476, 3523, 3473, 3488, 3482, 3471, 307, 322, 310, 318, 314, 317, 321, 1163, 1144, 1141, 1193, 1157, 1148, 1151, 1208, 1139, 338, 369, 350, 328, 347, 334, 329, 333, 362, 336, 355, 344, 332, 1964, 1969, 1968, 1967, 1971, 1966, 1978]
32,[500, 501]
33,[394, 398, 399, 400, 401, 395, 396, 402, 403, 421, 408, 390, 422, 423, 416, 425, 426, 428, 429, 393, 415, 404, 405, 431, 432, 412, 406, 397, 433, 427, 434, 435, 436, 418, 438, 2949, 2972, 330, 351]
34,[395, 404, 402, 391, 405, 406, 407, 393, 399, 408, 397, 410, 411, 412, 413, 414, 396, 394, 415, 416, 417, 418, 419, 420, 2951, 3192, 4073, 4129, 4066, 4036, 4068, 4064, 3796, 3753, 3712, 3798, 3922, 3906, 3848, 3720, 3805, 114, 116, 36, 28, 70, 123, 227, 243, 168, 63, 3746, 975, 1010, 1016, 1005, 1074, 1008, 152, 192, 977, 1031, 1053, 983]
35,[266]
36,[395, 394, 2947]
37,[405, 3214, 3382, 3390, 3997, 4223, 3849, 3721, 562, 169, 37, 832]
38,[395, 394, 424, 408, 456, 461, 458, 397, 598, 599, 3020, 3021, 3473, 2718, 2717, 1141, 1964, 1969, 1966, 1340, 1341]
39,[502, 503, 504, 505, 506, 507, 508, 509, 510]
40,[395, 405, 399, 1465, 1458, 1467, 1457, 1708, 1755, 1726, 2288, 2286, 2305, 2296, 2313, 2274, 2316, 2314, 2311, 2440, 3023, 3030, 3039, 3025, 3036, 3055, 3050, 3038, 3046, 3029, 3244, 3240, 3255, 3264, 3280, 3279, 3252, 3256, 3371, 3374, 3372, 3373, 3375, 4130, 4135, 4051, 4073, 4095, 4040, 3706, 4064, 4081, 4084, 4136, 4071, 4080, 4075, 4113, 4067, 4083, 4137, 4131, 4052, 1478, 1480, 1476, 1484, 616, 1252, 1248, 1264, 1273, 1289, 1288, 1261, 1265, 669, 637, 22, 2722, 2736, 2756, 2751, 2738, 2746, 2739, 2728, 2727, 2720, 980, 1005, 1024, 1016, 1027, 1081, 1013, 1075, 1080, 991, 1038, 139, 1023, 1018, 1057, 1009, 1026, 1082, 1076, 992, 971, 1028, 1054, 994, 218, 217, 1863, 1871, 1873, 1872, 1869, 1836, 1844, 1846, 1854, 1031, 315, 307, 317, 306, 1072, 1041, 831, 1044, 1077, 1083, 4085, 4110, 4032, 4054, 34, 981, 1034, 2947, 4222]
41,[454, 450, 465, 455, 466, 451, 468, 470, 471, 461, 491, 453, 2305, 2288, 2296, 2307, 2319, 2311, 2298, 2325, 2280, 2295, 2312, 2272, 2294, 2291, 2309, 2281, 2322, 2328, 2282, 2279, 2306, 2275, 2796, 2795, 2802, 2805, 2800, 2793, 2812, 2801, 2803, 2799, 2804, 2789, 2788, 2797, 2798, 3194, 3193, 3200, 3205, 3198, 3189, 3204, 3201, 3184, 3187, 3202, 3191, 3196, 3188, 3197, 3203, 3183, 3536, 3521, 3505, 3514, 3528, 3481, 3495, 3489, 3471, 3547, 3472, 3573, 3554, 3493, 3487, 3574, 3712, 3741, 3769, 3728, 3831, 3763, 3768, 3720, 3910, 3740, 3866, 3738, 3709, 3707, 3912, 3726, 3746, 3913, 3833, 3708, 3796, 3803, 3907, 3702, 3837, 3760, 3739, 3706, 3793, 3814, 3789, 3792, 3756, 3914, 3747, 3815, 3813, 3722, 3732, 3762, 3749, 3864, 3723, 3883, 3836, 3915, 3828, 3799, 3896, 3812, 3767, 3804, 3721, 3865, 3817, 3845, 3743, 3911, 3909, 3766, 3850, 3820, 3918, 3710, 3755, 3754, 3750, 3829, 3867, 3759, 3786, 3904, 3826, 3748, 3788, 3744, 3751, 3737, 3809, 3832, 3771, 3892, 3875, 3876, 3818, 3727, 3758, 3725, 3899, 3916, 3889, 3917, 3776, 3800, 3860, 3764, 3704, 3819, 3919, 3784, 3847, 4054, 4088, 4091, 4094, 4080, 4033, 4075, 4110, 4116, 4086, 4073, 4100, 4083, 4078, 4056, 4061, 4062, 4102, 4103, 4081, 4115, 4099, 4060, 4041, 4042, 4047, 4055, 4136, 4066, 4058, 4059, 56, 77, 72, 224, 24, 85, 184, 18, 144, 84, 42, 228, 65, 185, 132, 63, 57, 88, 121, 80, 36, 28, 43, 152, 55, 58, 79, 39, 86, 187, 117, 83, 195, 219, 235, 44, 104, 94, 147, 111, 155, 150, 107, 61, 64, 230, 186, 26, 232, 110, 131, 67, 76, 22, 239, 106, 133, 151, 71, 81, 212, 114, 148, 240, 122, 68, 102, 127, 130, 156, 167, 38, 136, 53, 196, 48, 75, 165, 73, 237, 37, 41, 238, 209, 180, 118, 20, 137, 981, 1081, 987, 1031, 994, 1018, 1029, 1060, 996, 1008, 995, 999, 1034, 1037, 1023, 972, 1024, 1054, 1000, 1043, 1026, 1016, 1021, 1042, 1002, 1003, 1045, 1046, 1059, 982, 1001, 1863, 1846, 1854, 1865, 1875, 1869, 1856, 1879, 1840, 1853, 1870, 1834, 1852, 1841, 1877, 1842, 1849, 1867, 1864, 1882, 1839, 1837, 1150, 1164, 1158, 1191, 1139, 1217, 1140, 1243, 1224, 1162, 1156, 1244, 1206, 1174, 1183, 1198, 1962, 1958, 1973, 1963, 1974, 1959, 1976, 1978, 1979, 1969, 1999, 1961, 1549, 1548, 1555, 1558, 1553, 1546, 1566, 1554, 1556, 1552, 1557, 1542, 1541, 1550, 1551]
42,[467, 469, 472, 473, 451, 474, 475, 476, 477, 478, 479, 480, 481, 482, 483, 484, 464, 485, 486, 487, 457, 488, 489, 490, 492, 493, 470, 494, 452, 462, 465, 495, 496, 497, 498, 499, 763, 765, 762, 770, 764, 771, 761, 772, 769, 461, 3552, 3559, 3524, 3551, 3498, 3486, 3563, 3531, 3509, 3525, 3485, 3484, 3536, 3546, 3487, 3497, 3550, 3562, 3477, 3553, 3503, 3565, 3549, 3515, 3558, 3566, 3493, 3528, 3467, 3564, 3513, 3491, 3529, 3483, 3527, 3518, 3522, 3499, 3532, 3526, 3557, 3555, 3878, 3872, 3754, 3877, 3879, 3752, 3731, 3765, 3735, 3880, 3817, 3806, 3881, 3811, 3882, 3884, 3885, 3813, 3886, 3883, 3887, 3809, 3827, 3860, 3816, 3888, 3812, 3767, 3709, 3814, 3751, 3761, 3889, 3803, 3893, 3807, 3895, 3810, 3890, 3859, 3896, 3730, 3757, 3892, 3891, 3823, 3894, 82, 84, 47, 131, 180, 134, 71, 78, 69, 68, 130, 25, 132, 207, 128, 210, 127, 214, 46, 198, 74, 211, 209, 141, 125, 121, 179, 208, 213, 215, 216, 212, 148, 144, 18, 152, 220, 83, 221, 150, 26, 107, 80, 136, 222, 77, 1166, 1206, 1232, 1172, 1219, 1228, 1153, 1162, 1198, 1178, 1135, 1234, 1220, 1154, 1160, 1156, 1199, 1152, 1182, 1197, 1187, 1222, 1168, 1196, 1167, 1233, 1192, 1202, 1194, 1227, 1225, 1229, 1201, 1221, 1195, 1155, 1216, 1146, 1223, 1235, 1184, 1236, 23, 111, 137, 3829, 1975, 1977, 1959, 1980, 1983, 1985, 1981, 1987, 1982, 1984, 1986, 1988, 1989, 1991, 1990, 1992, 1994, 1972, 1995, 1993, 1996, 1998, 1978, 1960, 2000, 2002, 1965, 1997, 1973, 2004, 2001, 2006, 2005, 1970, 2007, 2003, 1969, 3826]
43,[395, 394, 1458, 2606, 2710, 752, 307, 27]
44,[395, 396]
45,[427, 409, 1703, 2425, 2427, 2710, 3677, 609, 1428, 1430, 3341]
46,[524, 1781, 1928, 2210, 2932, 1356, 1646]
47,[525, 526, 1582, 1790, 1782, 2211, 2639, 3666, 1357, 1647, 1314]
48,[522, 527, 528, 529, 530, 531, 532, 1573, 1575, 1578, 1574, 1783, 1929, 1930, 2213, 2232, 2233, 2350, 2395, 3365, 3364, 3360, 3965, 3964, 3962, 3980, 3981, 3977, 3983, 3966, 1359, 1378, 1379, 1611, 1610, 1608, 1631, 1627, 1632, 1634, 1612, 872, 918, 1304, 1306, 1309, 1305, 1648]
49,[553]
50,[534, 2214]
51,[535, 1680]
52,[536, 2218, 1364]
53,[537, 2832, 3361]
54,[538]
55,[539, 540, 541, 542, 533, 544, 545, 546, 523, 538, 547, 548, 543, 524, 530, 550, 1766, 1761, 1762, 2232, 2210, 2230, 2247, 2217, 2219, 2248, 2237, 3362, 3363, 4002, 4013, 4026, 4011, 3990, 3993, 1378, 1356, 1376, 1393, 1363, 1365, 1394, 1383, 567, 579, 591, 576, 554, 557]
56,[266]
57,[522, 2207, 1353]
58,[527, 2212, 1358, 4314, 4317, 1672]
59,[535, 543, 521]
60,[547, 2350, 3363, 872]
61,[549]
62,[552, 1786, 1796, 2221, 2229, 2217, 2906, 1367, 1375, 1363, 1652, 1662]
63,[540]
64,[597]
65,[601, 599, 1945, 2710, 2838, 3208, 3687, 3932, 3711, 3838, 3839, 3857, 27, 158, 159, 177, 1343, 1341, 757, 1906, 1948, 3157, 2856, 1910, 2907, 3161]
66,[602, 1579, 2536, 2537, 2567, 2925, 2924, 2926, 2927, 1295, 1296, 1297, 1299, 1300, 1298, 1310, 265, 1344]
67,[598, 600, 599, 1340, 1342, 1341]
68,[602, 599, 2521, 2522, 244, 229, 97, 1344, 1341]
69,[598, 599, 1715, 1744, 3382, 3391, 3385, 3389, 3392, 3393, 3976, 3972, 3968, 3967, 3971, 4230, 4178, 4179, 4220, 4024, 4216, 625, 658, 589, 1626, 1620, 1615, 1613, 1619, 781, 1070, 782, 828, 1034, 839, 823, 1328, 1340, 1338, 1341, 1331, 1335, 1337, 1339]
70,[599, 1341]
71,[602, 599, 1344, 1341]
72,[603, 1345]
73,[604, 3935, 1346]
74,[602, 1344]
75,[599, 600, 598, 601, 2994, 2958, 1342, 1341, 1343, 1340]
76,[602, 1344]
77,[602, 1763, 1787, 2207, 1353, 1653, 1344]
78,[599, 1341]
79,[605, 1347]
80,[606, 598, 599, 1740, 2947, 2977, 2949, 653, 1016, 1070, 1031, 994, 1029, 1348, 1340, 1341]
81,[599, 600, 4246, 1892, 1341, 1342]
82,[607, 1349]
83,[603, 1345]
84,[678, 680]
85,[681]
86,[682]
87,[683, 684, 685, 3151, 3305, 3932, 1952]
88,[686]
89,[686]
90,[687, 698, 708, 752, 753, 754, 757, 317, 307, 306, 318, 328, 1132, 319, 58]
91,[689]
92,[690]
93,[692, 693, 694]
94,[0]
95,[767, 768, 769, 762, 1817, 2913, 3058, 3059, 3060, 3061, 3057, 3028, 2949, 3775, 4187, 4243, 1889, 1510, 93, 2725, 792, 699, 701, 700, 702, 698, 330]
96,[846, 880, 879, 856, 926, 924, 98, 34, 932, 934, 936, 946, 955, 959, 99, 937, 994, 1012, 1031, 787, 1034]
97,[940]
98,[766, 1809, 2159, 2160, 2157, 2158, 2175, 2174, 2172, 2369, 2379, 2425, 2426, 2572, 2582, 2573, 2581, 2577, 2585, 2584, 2579, 2583, 2580, 2586, 2576, 2574, 2575, 2578, 2587, 2620, 2623, 2615, 2619, 2624, 2621, 2618, 2622, 2617, 2625, 2616, 2790, 2808, 2806, 2792, 2787, 2791, 2786, 2810, 2794, 3025, 3044, 3053, 3024, 3018, 3041, 3028, 3019, 3056, 3540, 3477, 3519, 3536, 3482, 3534, 3522, 3530, 3528, 3548, 3512, 3543, 3541, 3542, 3544, 3471, 3514, 3537, 3520, 3843, 3798, 3712, 3702, 3773, 3787, 3745, 3802, 3828, 3842, 3847, 3727, 3818, 3778, 3805, 3796, 3770, 3753, 3853, 3725, 3858, 3800, 3838, 3854, 3703, 3799, 3861, 3711, 3714, 3782, 3862, 3792, 3801, 3821, 3846, 3808, 3746, 3729, 3722, 3829, 3706, 3717, 3732, 3849, 3850, 3840, 3742, 3822, 3747, 3848, 3713, 3705, 3855, 3716, 3851, 3852, 3833, 3812, 3750, 3859, 3772, 3860, 3803, 3830, 3791, 3740, 3868, 3769, 3789, 3741, 3771, 3723, 3734, 3857, 3839, 3749, 3726, 3864, 3865, 3762, 3866, 3728, 3710, 3708, 3720, 3737, 3739, 3867, 1483, 1482, 1477, 1475, 1502, 116, 123, 18, 110, 105, 139, 126, 48, 162, 166, 117, 43, 175, 169, 163, 118, 29, 28, 149, 89, 57, 19, 140, 136, 39, 70, 42, 86, 24, 88, 32, 33, 171, 172, 66, 67, 53, 109, 56, 184, 168, 185, 62, 79, 44, 26, 186, 177, 187, 159, 27, 36, 87, 90, 120, 178, 147, 63, 158, 167, 30, 182, 22, 152, 181, 96, 38, 114, 148, 119, 173, 41, 160, 45, 59, 174, 64, 188, 21, 58, 100, 50, 130, 170, 179, 180, 121, 107, 2744, 2715, 2754, 2722, 2725, 2721, 2716, 2741, 2757, 890, 901, 1214, 1139, 1183, 1212, 1207, 1189, 1210, 1146, 1188, 1206, 1151, 1204, 1192, 1200, 1198, 1218, 1181, 1213, 1211, 1428, 1429, 1527, 1530, 1522, 1526, 1531, 1528, 1525, 1529, 1524, 1532, 1523, 1543, 1562, 1559, 1545, 1540, 1544, 1539, 1564, 1547]
99,[966, 1473, 1458, 1753, 1722, 2306, 2304, 2305, 2287, 2290, 2323, 2281, 2321, 2368, 2356, 2354, 2902, 2899, 3040, 3028, 3047, 3035, 3020, 3027, 3033, 3051, 3025, 2947, 3231, 3234, 3232, 4018, 3993, 4020, 3995, 4027, 3991, 4003, 4153, 4226, 4224, 4235, 4181, 4231, 4242, 1864, 1862, 1863, 1845, 1847, 1878, 557, 585, 560, 593, 667, 840, 555, 568, 994, 986, 272, 583, 1018, 1081, 927, 1011, 924, 1064, 2940, 323, 2942, 307, 2938, 1841, 2939, 2941, 1888, 1876, 889, 878, 876, 835, 328, 833, 844, 785, 632, 1087, 1485, 1479, 1486, 4054, 4046, 4075, 4136, 4119, 3072, 3075, 3073, 2740, 2725, 2717, 2747, 2724, 2735, 2732, 2752, 2722, 258]
100,[967, 259]
101,[966, 2949, 258, 22]
102,[969, 4021, 4209, 2938, 586, 815]
103,[968, 1776, 1777, 2361, 2382, 2342, 2604, 2960, 3137, 3368, 3443, 3733, 2937, 49, 863, 4287, 340]
104,[994, 330]
105,[1097]
106,[1098, 1114, 1115, 1116, 1120]
107,[1111]
108,[1111, 3337, 3659, 4180, 854, 1351, 784, 14, 2177]
109,[1112]
110,[1113]
111,[0]
112,[1125, 2436, 2500, 2610, 3219, 3236, 3077, 756, 2774]
113,[455, 1963]
114,[1122, 1123, 1124]
115,[1124]
116,[1124]
117,[1128]
118,[1128, 1129, 1405, 2358, 2357, 2337, 2901, 2899, 3186, 3195, 3199, 3333, 3335, 3718, 3781, 3780, 4183, 932, 934, 34, 99, 98, 880, 879, 856, 994, 787, 1012, 1031, 1034, 924]
119,[1126]
120,[1124, 1127]
121,[307, 946]
122,[1131]
123,[121, 122, 28, 35, 123, 270, 110, 124, 1140, 84, 893, 63, 857, 125, 894, 865, 853, 269, 1259, 127, 276, 895, 849, 1271, 1257, 1256, 277, 1272, 1273, 1274, 897, 1252, 1269, 867, 1260, 869, 1266, 1270, 858, 1275, 1146, 1163, 1276, 1267, 1142, 1277, 1250, 1198, 1255, 1279, 1199, 1280, 1201, 1161, 1281, 1202, 1282, 1203, 1263, 1177, 1283, 630, 1205, 1278, 624, 1284, 645, 1265, 646, 1172, 1285, 1207, 1286, 620, 1262, 32, 152, 647, 1333, 1334, 648, 627, 615, 623, 151, 34, 154, 649, 96, 626, 1143, 94, 650, 1151, 97, 651, 634, 633, 148, 42, 614, 621, 631, 155, 643, 77, 150, 156, 136, 38, 160, 161, 564, 561, 314, 310, 307, 318, 311, 322, 132, 23, 189, 801, 108, 80, 78, 83, 82, 39, 95, 1039, 774, 833, 839, 50, 56, 375]
124,[1130]
125,[1131, 3938]
126,[1131, 3938]
127,[1131]
128,[455, 1458, 1703, 609, 307, 1963]
129,[1294, 1446, 2231, 1377, 4297]
130,[1295, 1296, 1297, 1299, 1300, 1298, 1310, 265, 1344]
131,[56, 23, 138, 144, 146, 148, 57, 72, 55, 73]
132,[1301]
133,[1130]
134,[826, 800, 796]
135,[640, 1034, 950, 642, 828]
136,[1130]
137,[1368, 1398, 1402]
138,[1404, 2261, 2870, 3665, 2165, 4290]
139,[1407, 1417, 1408, 1416, 1412, 1414, 1418, 1415, 1419, 1420, 1421, 1410, 1411, 1428, 1434, 1435, 1409, 1429, 1413, 1422, 1439, 1440, 1437, 18, 105, 162, 43, 116, 163, 123, 28, 1432, 1433, 166, 167, 117, 33, 100, 110, 139, 126, 168, 169, 118, 62, 140, 48, 136, 170, 70, 90, 120, 32, 147, 171, 172, 29, 67, 96, 114, 173, 41, 45, 174, 175, 109, 19, 89, 177, 159, 87, 178, 158, 179, 180, 181, 121, 27, 149, 57, 119, 86, 88, 66, 22, 30, 184, 182, 107, 185, 39, 79, 38, 148, 186, 160, 59, 64, 63, 21, 44, 42, 26, 130, 36, 24, 53, 56, 152, 187, 188, 58, 50, 1483, 1477, 1475, 1482, 1492, 1212, 1146, 1210, 1189, 1207, 1188, 1206, 1151, 1502, 1204, 1192, 1527, 1200, 1530, 1198, 1522, 1526, 1218, 1531, 1181, 1528, 1213, 1525, 1211, 1529, 1524, 1139, 1214, 1532, 1183, 1523, 890, 901, 1540, 1544, 1539, 1547, 1564, 1543, 1562, 1559, 1545]
140,[1424, 1425, 1426]
141,[1436, 2910, 2911, 2909]
142,[266]
143,[1130]
144,[1442]
145,[1445, 4296]
146,[1444, 1805, 3240, 3366, 3468, 3657, 3952, 1498, 1248, 12, 1596, 1136, 4295]
147,[456, 4209, 20, 815, 1067, 1964]
148,[1443, 4294]
149,[1447, 1823, 3233, 3951, 1516, 3074, 1595, 4298]
150,[1448]
151,[1449, 2928]
152,[279, 286, 274, 272, 278, 273, 280, 287, 176, 71, 139, 148, 106, 50, 36, 107]
153,[1450, 2523]
154,[182, 183]
155,[1450, 3259, 3245, 3278, 3381, 3606, 3591, 1268, 1253, 1287, 981]
156,[1451, 1456]
157,[1452]
158,[1453, 1454]
159,[1455]
160,[1458, 3172, 307]
161,[1464, 1468, 1461, 1472, 1458, 1460, 2581, 2577, 2579, 2606, 2710, 2712, 2711, 2947, 4150, 4166, 4167, 752, 314, 318, 779, 310, 322, 307, 309, 970, 974, 18, 4176, 268, 289, 290]
162,[1458, 1461, 1703, 2947, 609, 307, 310, 984, 993, 974, 983, 328, 2949]
163,[1458, 1464, 1457, 307, 314, 306, 984, 993, 1033]
164,[1458, 1468, 307, 318]
165,[1458, 1459, 3052, 3032, 3049, 3043, 3036, 3026, 2977, 2753, 2731, 2750, 2743, 2736, 2723, 307, 308, 994, 1070, 1024, 977, 988, 993, 983, 1043, 997, 687, 355, 1060]
166,[1458, 2379, 2389, 2796, 2809, 2794, 2795, 2811, 2807, 2793, 3847, 3834, 3898, 3822, 3876, 3774, 3783, 3877, 3778, 3861, 3849, 3857, 3715, 4143, 4133, 4130, 3711, 4125, 3838, 4095, 3777, 3835, 3873, 4071, 3839, 3770, 4128, 4132, 4082, 4104, 4076, 4142, 4068, 4051, 4084, 4127, 4119, 4137, 4117, 4134, 4110, 4089, 4116, 4063, 4144, 4105, 4072, 4118, 4077, 4123, 4074, 4067, 4106, 4145, 4065, 4083, 4039, 4046, 4140, 4038, 4100, 4087, 4121, 4126, 4107, 4111, 4035, 4139, 4135, 4112, 4120, 4086, 4081, 4099, 4064, 140, 196, 91, 96, 101, 177, 197, 167, 169, 31, 153, 218, 181, 193, 159, 87, 27, 158, 95, 154, 901, 1078, 1090, 912, 1073, 1025, 1019, 1013, 1075, 1072, 1070, 1079, 1038, 1089, 991, 1061, 1048, 1082, 1014, 1032, 1063, 1068, 1054, 1064, 1060, 1077, 1009, 1020, 1007, 1027, 1047, 979, 1010, 1049, 986, 1086, 1030, 1026, 1017, 1043, 1066, 1004, 1071, 1091, 1055, 974, 1050, 1056, 1080, 1042, 1093, 1065, 978, 1029, 1085, 1005, 1024, 1031, 972, 1016, 307, 1547, 1549, 1563, 1548, 1565, 1560, 1546]
167,[1534, 2244, 3672, 1390]
168,[1535, 1536]
169,[1534]
170,[1458, 2573, 307]
171,[1537, 1538, 1568, 1569, 1570, 1594]
172,[1472, 322]
173,[1571]
174,[1576, 1580, 1581, 1578, 1575, 2227, 2215, 2217, 2208, 2225, 2207, 2234, 2224, 2228, 2237, 2238, 2240, 2241, 2388, 2350, 2351, 2394, 2396, 2628, 2630, 2633, 2632, 2635, 2636, 2637, 2631, 2629, 2638, 2634, 2627, 2642, 2640, 2644, 2645, 2643]
175,[1458, 307]
176,[1593]
177,[1464, 1468, 1472, 1458, 1462, 1461, 1733, 1720, 1734, 1710, 1735, 1717, 1713, 1707, 1736, 1716, 1737, 1738, 1724, 1723, 1706, 1711, 1721, 1730, 1714, 1732, 2283, 2305, 2315, 2280, 2302, 2277, 2285, 2300, 2324, 2320, 2348, 2338, 2376, 2318, 2339, 2344, 2289, 2276, 2372, 2373, 2335, 2374, 2331, 2346, 3251, 3264, 3265, 3244, 3248, 3247, 3263, 3250, 3276, 3246, 3277, 3253, 3272, 3257, 3273, 3254, 3274, 3269, 3275, 3256, 3242, 3262, 3270, 3271, 3258, 3261, 3268, 3260, 3266, 3267, 3388, 3387, 3472, 3474, 3475, 3482, 3477, 3494, 3528, 3529, 3531, 3532, 3533, 3508, 3535, 3503, 3537, 3492, 3712, 3746, 3806, 3804, 3803, 3719, 3805, 3792, 3767, 3807, 3809, 3001, 4152, 4151, 4156, 4157, 3760, 3999, 3831, 3718, 3996, 3837, 3716, 3833, 3832, 3835, 3778, 3776, 3779, 3829, 3726, 3836, 3818, 4196, 647, 620, 648, 627, 615, 623, 1260, 1273, 1274, 1252, 1257, 1256, 1272, 649, 1259, 626, 650, 1285, 651, 630, 1255, 634, 1286, 633, 1262, 1281, 614, 1266, 1282, 621, 1263, 631, 1283, 1278, 643, 1284, 1265, 1250, 1271, 1279, 1280, 624, 1267, 645, 1270, 646, 1277, 1269, 1275, 1276, 564, 561, 121, 84, 35, 122, 63, 125, 123, 28, 127, 124, 110, 151, 34, 154, 96, 94, 97, 148, 42, 155, 77, 150, 156, 32, 152, 136, 38, 160, 161, 857, 853, 895, 849, 865, 897, 867, 869, 858, 893, 894, 132, 801, 23, 833, 839, 774, 314, 318, 322, 307, 311, 310, 189, 4224, 4230, 4171, 108, 80, 1142, 1143, 1151, 1140, 1146, 1163, 1198, 1199, 1201, 1202, 1203, 1177, 1205, 78, 1172, 1207, 1161, 83, 3722, 3840, 3841, 82, 95, 39, 1039, 50, 56, 1333, 1334, 375]
178,[1583, 1584, 1585, 1573, 1577, 1315, 1316, 1317, 1304, 1308]
179,[1586, 1703, 2181, 2180, 2183, 2178, 2334, 2392, 2380, 2344, 2349, 2920, 2918, 3358, 3359, 3695, 3692, 3696, 3691, 3701, 3698, 3700, 3694, 3993, 4007, 4006, 3994, 4017, 4021, 4026, 4014, 4261, 609, 557, 572, 571, 559, 582, 586, 591, 580, 852, 865, 915, 902, 870, 1318]
180,[1587, 1319]
181,[1588, 3151, 3932, 1320, 1952]
182,[1572, 3154, 3208, 3670, 3932, 1302, 1955]
183,[1589, 1590, 1591, 2611, 1321, 1322, 1323]
184,[1592, 2227, 4000, 1373, 565, 1324]
185,[1607, 1397, 1637, 1357, 1656, 1647, 1670, 1671, 1314]
186,[1458, 1472, 1464, 307, 322, 314]
187,[1747, 2386, 909]
188,[1748, 1710, 1725, 2314, 2329, 2343, 2385, 2363, 2336, 2359, 2370, 2794, 2915, 3336, 3410, 3411, 4012, 4010, 4028, 4005, 4198, 4038, 662, 620, 636, 935, 574, 594, 570, 578, 884, 907, 855, 881, 891, 847, 864, 978, 803, 4301, 4302, 1547]
189,[1709, 1749, 1750, 1751, 617, 663, 664, 665]
190,[1746, 2588, 660]
191,[1741, 1937, 2349, 654, 870]
192,[1764]
193,[1718, 1734, 2363, 2377, 2442, 628, 647, 884, 899]
194,[1710, 620]
195,[690, 691]
196,[1458, 1463, 1464, 1755, 1757, 2947, 4155, 4184, 669, 671, 95, 788, 307, 314, 313, 1034, 1050, 1074, 1018, 328]
197,[1726, 637]
198,[1767]
199,[16, 168, 981, 1340, 1341, 136, 652]
200,[1754, 1729, 1734, 1743, 1712, 1702, 1814, 1819, 1808, 1825, 1807, 1820, 1818, 1822, 1821, 1757, 1758, 2673, 3378, 3377, 3376, 3686, 3683, 3680, 3685, 3682, 3684, 3679, 4009, 4021, 4202, 1507, 1512, 1501, 1518, 1500, 1513, 1511, 1515, 1514, 668, 642, 647, 657, 622, 608, 671, 673, 4189, 573, 586, 4200, 91, 20, 142, 183, 136, 994, 979, 1058, 997, 1013, 1042, 1032, 1077, 1054, 808, 126, 805, 794, 775, 4054, 4039, 4114, 4057, 4071, 4099, 4089, 4132, 4110, 1074, 1089, 1050, 1034]
201,[1755, 669]
202,[1458, 1474, 2946, 307, 324]
203,[1746, 2384, 1729, 4015, 660, 581, 642, 906]
204,[1458, 1461, 1464, 2817, 2900, 2947, 2949, 3384, 3386, 3732, 3986, 48, 1053, 1095, 1096, 307, 310, 314, 989]
205,[1731, 644]
206,[1770]
207,[266]
208,[0]
209,[1774, 2014, 3174, 3207, 3632]
210,[1458, 1468, 1464, 1472, 1461, 307, 318, 314, 322, 310, 44]
211,[1778, 1815, 3021, 3022, 3025, 3042, 3140, 3282, 1508, 1291, 2718, 2722, 2742, 2719]
212,[1779]
213,[1704, 1703, 2425, 2606, 2947, 610, 609, 752, 1428, 328]
214,[1780]
215,[1777, 1775, 3705, 3921, 3905, 3903, 3774, 21, 242, 226, 223, 91, 152, 222, 71, 78, 84, 829, 58, 184, 95, 994, 1043, 1069, 1070, 1034, 1019, 68, 36, 190, 50, 107, 29, 4221]
216,[1785, 2904, 1651, 929]
217,[1793, 1659]
218,[1792, 1784, 1787, 1794, 1785, 1788, 1789, 1791, 1795, 1942, 1944, 4161, 1658, 1650, 1653, 1660, 1651, 1654, 1655, 1657, 1661, 282, 293, 294, 288]
219,[1785, 1651]
220,[1798]
221,[1799, 1797, 1800, 3652, 3653]
222,[1458, 2949, 307, 979, 994, 28, 2947]
223,[1801]
224,[1457, 1458, 1461, 1470, 1469, 1468, 1466, 1464, 306, 307, 319, 320, 318, 310, 316, 314]
225,[1458, 3186, 307]
226,[1023, 989, 1053, 1027, 660, 670, 1831, 1830, 1829, 1832, 630, 1833, 652, 1248, 612, 619, 306, 307, 1261, 1273, 633, 315, 1252, 641, 317, 1265, 1288, 663, 1264, 656, 620, 1289, 1476, 1844, 1013, 971, 1480, 1478, 1846, 1075, 1484, 1080, 1005, 991, 1071, 980, 1863, 1016, 1024, 1038, 1854, 1081, 1871, 1873, 1872, 1836, 1869, 1018, 1054, 994, 1057, 1009, 1026, 1082, 1076, 992, 22, 1028, 616, 1922, 1031, 139, 1072, 1041, 217, 218, 1044, 1077, 1083, 669, 981, 34, 637, 1034, 805, 831, 328]
227,[1826, 2182, 2294, 2301, 2303, 2299, 2278, 2326, 2273, 2327, 2286, 2670, 2672, 2669, 2668, 2671, 2674, 2820, 2815, 2831, 2827, 2819, 2818, 2826, 2814, 2823, 2974, 2990, 3012, 2988, 2951, 2987, 2965, 2983, 2996, 3004, 3009, 2993, 2976, 2967, 3013, 2957, 2962, 2969, 2966, 2979, 3001, 2978, 2980, 2975, 3014, 2961, 3011, 2970, 2944, 3003, 2986, 3015, 2981, 2985, 2950, 2945, 2997, 3002, 2998, 2982, 3007, 3008, 3000, 2999, 2995, 3016, 3005, 3010, 2959, 3251, 3401, 3493, 3484, 3575, 3551, 3506, 3568, 3477, 3531, 3509, 3562, 3546, 3530, 3469, 3483, 3507, 3571, 3570, 3560, 3496, 3495, 3567, 3489, 3545, 3572, 3504, 3500, 3576, 3501, 3502, 3497, 3569, 3597, 3601, 3603, 3598, 3602, 3599, 3593, 3591, 3604, 3595, 3596, 3605, 3600, 3804, 3798, 3974, 4016, 4008, 4023, 1519, 1260, 588, 122, 116, 1624, 1245, 1175, 1137, 1232, 1216, 1200, 1178, 1152, 1237, 1241, 1230, 1164, 1215, 1158, 1242, 1169, 1173, 1162, 1246, 1170, 1153, 1171, 1166, 1239, 1221, 1238, 1146, 1176, 1201, 1240, 1165, 361, 375, 353, 371, 326, 339, 342, 332, 348, 387, 368, 341, 378, 376, 383, 349, 372, 360, 377, 364, 354, 356, 388, 346, 359, 358, 386, 345, 370, 357, 385, 325, 374, 373, 381, 363, 331, 382, 389, 379, 384]
228,[1801, 1803]
229,[1827, 1520]
230,[1802]
231,[304]
232,[1729, 642]
233,[304]
234,[1890, 1892]
235,[1458, 307]
236,[1906, 928, 1911, 1912, 929]
237,[1914, 814]
238,[1914]
239,[1915]
240,[1916]
241,[1917]
242,[854, 23, 2012]
243,[691, 690]
244,[1923]
245,[1924, 1115]
246,[1933, 1934]
247,[1936]
248,[330, 351]
249,[1938, 2152, 2151, 2153]
250,[1939, 2593, 2699, 3129]
251,[1940, 2436]
252,[197, 71, 192, 198, 199, 47, 51, 200, 124, 201, 69, 202, 82, 131, 203, 129, 135, 180, 204, 134, 205, 206, 84, 207, 127, 145, 208, 130, 78, 25, 68, 132, 209, 128, 210, 46, 74, 211, 212, 121, 213, 141, 125, 214, 1982, 2001, 1970, 2003, 1981, 215, 1977, 1975, 1980, 179, 216, 2005, 1984, 2007, 1986, 1988, 1989, 1959, 1983, 1985, 1990, 1987, 1965, 1997, 1232, 1992, 1222, 1972, 1993, 1167, 1233, 1991, 1192, 1998, 1202, 1194, 2000, 1229, 2002, 1221, 1994, 1155, 1995, 1152, 1973, 1996, 1166, 1187, 1978, 1201, 1153, 1960, 1206, 1156, 1135, 1154, 2004, 1195, 1178, 2006, 1216, 1182, 1220, 1234, 1146, 1235, 1219, 1228, 1162, 1172, 1198, 1199, 1223, 1184, 1160, 1197, 1236, 1168, 1196, 1489, 1225, 1491, 1227, 1493, 1488, 1494, 1495, 1490, 1487, 1496, 148, 144, 18, 152, 220, 83, 150, 221, 26, 80, 107, 136, 222, 77, 1969, 23, 1966, 111, 137]
253,[1458, 307]
254,[1945, 2040, 2041, 2870, 3932, 2165]
255,[1945, 3151, 1952]
256,[1910, 1946, 1948, 1952]
257,[1458, 307]
258,[1945, 3151, 3932, 1952]
259,[1458, 307]
260,[1947]
261,[1947]
262,[1458, 307]
263,[1950, 4331]
264,[1951, 2894, 4332]
265,[1957, 4267]
266,[1759, 4009, 674, 573]
267,[1458, 307]
268,[1458, 2947, 307]
269,[1757, 1704, 1760, 4218, 4173, 671, 676, 610, 825, 776, 1018, 994, 1080, 1034, 1053, 1081, 217]
270,[1472, 1458, 2947, 322, 307]
271,[303]
272,[1458, 1457, 1720, 1729, 3022, 3021, 3185, 2977, 4127, 4136, 4080, 4125, 4088, 4095, 4081, 4071, 4068, 4202, 3707, 630, 642, 2718, 2719, 23, 111, 1038, 1024, 1081, 160, 1013, 1010, 1072, 1023, 1070, 1031, 21, 137, 114, 20, 808, 307, 306, 1036, 1043, 1037, 1041, 1060, 1053, 1094]
273,[1739, 652, 136, 981]
274,[1747, 4181, 4186, 661, 785, 791, 1041, 1036, 1034]
275,[1626, 1620, 1615, 1613, 1619, 625, 658, 1340, 1341, 1034, 839, 781, 823, 1331, 1328, 1335, 1070, 1337, 828, 782, 1338, 1339, 589]
276,[1457, 1458, 306, 307]
277,[1926, 2072]
278,[2015, 2014]
279,[2014, 2016, 2017]
280,[2015, 2017, 2016, 2018, 2014]
281,[2015]
282,[1728, 1729, 3190, 4220, 642, 640, 828, 1034]
283,[2014]
284,[2020]
285,[1728, 2862, 640]
286,[2016, 2014]
287,[690, 691]
288,[2028, 2031, 2033, 2035, 2034, 1964, 1969, 1968, 1967, 1971, 1966, 1978, 350, 338, 328, 334, 329, 369, 336, 347, 355, 344, 333, 362, 332, 1163, 1144, 1193, 1157, 1148, 1141, 1208, 1151, 1139, 307, 322, 317, 310, 314, 318, 321, 335]
289,[2036]
290,[2014]
291,[2015, 2016, 2014]
292,[2038]
293,[2039]
294,[304]
295,[266]
296,[1755, 4225, 669, 834, 994]
297,[2018, 2016, 2015, 2014, 2017]
298,[304]
299,[2042, 2605, 1768]
300,[2042, 1768]
301,[2042, 1768]
302,[2042, 1768]
303,[2044, 1771]
304,[2045, 1772]
305,[1757, 671, 182, 241]
306,[2046, 1773]
307,[2044, 1771]
308,[2043, 1770]
309,[2042, 1768]
310,[2043, 1770]
311,[2043, 1770]
312,[2043, 1770]
313,[2042, 1768]
314,[2045, 1772]
315,[2016, 2017, 2015, 2014]
316,[2014, 2016, 2018]
317,[2015, 2016, 2018, 2014]
318,[2014, 2015]
319,[2047]
320,[2048]
321,[2016, 2015, 2014, 2017, 2438]
322,[2015, 2018, 2014]
323,[2015]
324,[2015, 2202, 2203]
325,[2049, 2050]
326,[1918]
327,[2014]
328,[2052]
329,[2053, 3207, 3206, 3631, 3632]
330,[2020]
331,[2055, 2054, 2056, 2105]
332,[2057]
333,[2014, 2016, 2018, 2015]
334,[2058]
335,[2059]
336,[2060]
337,[2061]
338,[2062, 2059]
339,[2062]
340,[2063]
341,[2064]
342,[2060]
343,[2058]
344,[2057]
345,[2059]
346,[1341]
347,[2016]
348,[2016, 2015]
349,[590, 565, 2065, 2069, 2068]
350,[2017, 2014, 2016, 2015]
351,[2070]
352,[2127, 2128, 2121, 2129, 2119, 2130, 504, 513, 511, 514, 506, 505, 507, 515, 2149]
353,[2071]
354,[2147]
355,[2148]
356,[1892]
357,[1913, 1346]
358,[661, 909]
359,[2154, 4025, 590]
360,[2152]
361,[679]
362,[2155, 4264]
363,[2155, 4264]
364,[2156]
365,[2161]
366,[2152, 2151]
367,[2162, 266]
368,[2162, 266]
369,[2015, 2017]
370,[439]
371,[2163, 4283]
372,[2162, 266]
373,[2152]
374,[2162, 266]
375,[2162, 266]
376,[1727, 639]
377,[2162, 266]
378,[143, 222, 23, 36, 974, 1070, 789, 786]
379,[2152, 2055]
380,[2165, 2166]
381,[1, 0]
382,[2169]
383,[2162, 266]
384,[2162, 266]
385,[304]
386,[2162, 266]
387,[506, 2021]
388,[2170]
389,[2066]
390,[2171, 854, 1351, 784, 14, 2177]
391,[322, 307, 328]
392,[2172, 3973, 3840, 4245, 1481, 1891, 160, 1621]
393,[2173, 2172, 3334, 3477, 3556, 3539, 3931, 3929, 3930, 4004, 4022, 3796, 3818, 3877, 3722, 933, 569, 587, 197, 38, 114, 136, 1146, 1226, 1209]
394,[2179]
395,[2186, 507, 511, 516, 504, 510, 509, 508, 506, 517, 502]
396,[586, 787, 1334, 810, 63, 113, 217, 34, 196, 95, 994, 114]
397,[1345]
398,[2204, 3174, 1114]
399,[994, 1053, 1087, 1043]
400,[2216, 2215, 2209, 1361, 1362, 1355]
401,[2235, 1381]
402,[2236, 2234, 2220, 2223, 2246, 2212, 2206, 2210, 1382, 1380, 1358, 1352, 1356, 1366, 1392, 1369]
403,[2239, 1385]
404,[2217, 1363]
405,[2249]
406,[2242, 1388]
407,[2243, 1389]
408,[2222, 3607, 3667, 1402, 1368]
409,[2217, 1363]
410,[2211, 1357]
411,[2251, 2258]
412,[2262]
413,[2264, 3163]
414,[2265]
415,[2263]
416,[2167, 2168]
417,[2264]
418,[2264, 2266]
419,[826, 609]
420,[2267]
421,[50, 128, 71, 202]
422,[1755, 2343, 2594, 2822, 2821, 2825, 2829, 2830, 2828, 2824, 2963, 3037, 3045, 3048, 3034, 3023, 3031, 3026, 3054, 2956, 2973, 3190, 3398, 3395, 3399, 3397, 4182, 4228, 3736, 669, 52, 2720, 2734, 2729, 2723, 2737, 2755, 2745, 2748, 191, 864, 786, 837, 978, 1030, 1054, 1040, 991, 3871, 983, 988, 977, 343, 337, 352, 142]
423,[2268]
424,[2168]
425,[2271, 2610, 3144, 756]
426,[2393, 2370, 2381, 4223, 832]
427,[2362, 2345, 2383, 3216, 3218, 3221, 3217, 883, 866, 905, 2768, 2771, 2776, 2769]
428,[2305, 2293, 2311, 2317, 2308, 1863, 1851, 1869, 1874, 1866, 994]
429,[2406, 2416, 2409, 2402, 2407, 2412, 2420, 2419, 2410, 2404, 2408, 2413, 2405, 3120, 3435, 3438, 3613, 3619, 3609, 3623, 3622, 3610, 3611, 3612, 3625, 3626, 3627, 3628, 3614, 3629, 3617, 3630, 3616, 3651, 3633, 3646, 3647, 3634, 3643, 3644, 3638, 3636, 3650, 3655, 3656, 504, 510, 511, 515, 512, 506, 509, 507, 514]
430,[2378, 900]
431,[2386, 909]
432,[2322, 2297, 2310, 2284, 2288, 2295, 2292, 3785, 3874, 3822, 194, 140, 103, 1877, 1855, 1868, 1843, 1846, 1853, 1850, 817, 833, 838, 821, 56, 842, 1043, 273]
433,[2345, 2520, 866]
434,[2393, 2365, 2364, 916, 886, 885]
435,[2406, 2401, 2400, 2417]
436,[2415, 2400, 2406, 2407, 2422, 2421, 2405, 2409, 2414, 2402, 2408, 2404, 507, 511, 516, 504, 510, 509, 508, 506, 517, 502]
437,[2386, 2345, 4173, 909, 866, 4224, 776, 833]
438,[2407, 509]
439,[2406, 2414, 3435, 3613, 3633, 508, 516]
440,[2397, 920]
441,[2306, 1745, 1864, 813, 799, 974, 659]
442,[2329, 847]
443,[2408, 3609, 510]
444,[2340, 859]
445,[2385, 907]
446,[2424, 2423, 6, 7, 8]
447,[840, 839, 833, 979, 1031, 1053, 1034, 1029, 972, 1010, 1087, 1060, 1019, 1014, 978, 994, 1012, 791, 792, 796, 783, 842, 1074, 829, 800, 656, 1078, 1070, 1016]
448,[2349, 2890, 4019, 870]
449,[2382, 2378, 2390, 2362, 4009, 4029, 4030, 595, 596, 573, 883, 900, 913, 904]
450,[2408, 2407, 2415, 3435, 3620, 3611, 3609, 510, 509, 517, 2021, 2646, 2648, 2657]
451,[2344, 865]
452,[2414, 2412, 516, 514]
453,[2402, 2405, 3611, 3641, 504, 507]
454,[2375, 4181, 896, 34, 785, 1031]
455,[2355, 2367, 2393, 2353, 2363, 2343, 2329, 2360, 3697, 847, 882, 877, 888, 916, 875, 884, 864]
456,[2404, 2407, 2403, 2408, 2418, 2415, 2410, 2402, 506, 505, 509, 510, 517, 519, 512, 504]
457,[2408, 2403, 2410, 2404, 3435, 3611, 3638, 3634, 505, 512, 510, 506]
458,[2406, 508]
459,[2403, 505]
460,[1892]
461,[2352, 874]
462,[2415, 2404, 3121, 517, 506]
463,[2347, 868]
464,[2404, 3435, 506]
465,[2409, 511]
466,[2343, 3693, 864]
467,[2399, 922]
468,[185, 1331, 2430, 2432, 187, 991, 1069, 842]
469,[2425, 1428]
470,[2341, 3396, 861]
471,[2429]
472,[679]
473,[1756, 670]
474,[2428]
475,[2165]
476,[2408, 2404, 506, 510]
477,[2407, 509]
478,[2402, 2411, 2409, 2412, 2404, 2403, 2405, 2413, 2700, 3641, 3642, 3635, 3643, 3633, 3644, 514, 506, 511, 505, 507, 515, 504, 513, 2149]
479,[1773, 1769]
480,[2437]
481,[2409, 511]
482,[2438]
483,[2412, 3618, 3623, 514]
484,[2402, 2418, 504, 519]
485,[2439]
486,[2439]
487,[2439]
488,[2443, 1253, 1268, 1287, 2458, 2508, 981, 1327]
489,[1729, 1726, 1755, 642, 637, 669, 4173, 818, 843, 786, 776, 799, 814, 4212, 4234, 4182]
490,[2461, 2462, 2493]
491,[2497, 3035, 3792]
492,[2498]
493,[2494, 2495, 2496, 6, 7, 8]
494,[2498]
495,[2498]
496,[23, 169, 184, 1060, 994, 989, 973, 978]
497,[2499]
498,[1892, 1894, 1895]
499,[304]
500,[440]
501,[2502, 2503, 2504, 2501, 2505, 2506]
502,[2504]
503,[1428, 328, 752, 610, 609]
504,[2507]
505,[2509]
506,[1412, 1414, 322, 314, 1416, 307, 310, 318, 752, 757, 759, 758, 309, 289, 268, 290, 1132, 970, 18, 779, 328, 974]
507,[2512, 441]
508,[2513, 442]
509,[2514, 443]
510,[2512, 441]
511,[2510, 439]
512,[2524, 681]
513,[2512, 441]
514,[2524, 681]
515,[2512, 441]
516,[2524, 681]
517,[2515, 444]
518,[2524, 681]
519,[2524, 681]
520,[2516, 445]
521,[2511, 440]
522,[2524, 681]
523,[2524, 681]
524,[2512, 441]
525,[2524, 681]
526,[2522, 4211, 817]
527,[2522]
528,[2524, 681]
529,[2524, 681]
530,[2524, 681]
531,[2512, 441]
532,[2516, 445]
533,[2512, 2514, 441, 443]
534,[2511, 440]
535,[380]
536,[2526, 303]
537,[2527, 2161]
538,[2517, 446]
539,[2517, 446]
540,[2527, 2161]
541,[2518, 447]
542,[2525, 302]
543,[2517, 446]
544,[2516, 445]
545,[2511, 440]
546,[2527, 2161]
547,[2512, 441]
548,[2515, 444]
549,[2512, 441]
550,[2512, 441]
551,[2529, 2528]
552,[2511, 440]
553,[2519, 448]
554,[2529]
555,[2527, 2161]
556,[23, 80, 994]
557,[2532, 2530, 2534, 2531]
558,[2533]
559,[994, 1053, 817]
560,[2535]
561,[2538, 2539]
562,[2540, 2541, 3136, 3132, 3139, 3141, 3133, 3134, 3135, 3138, 3419, 3415, 3422, 3425, 3416, 3417, 3418, 3421]
563,[304]
564,[691, 690]
565,[2542]
566,[776, 818, 786, 669, 843, 642, 637]
567,[307, 979, 28, 330, 994, 328]
568,[2543]
569,[557, 572, 571, 559, 582, 586, 609, 2546, 2550, 2549, 2552, 2547, 1103, 1100, 865, 1104, 915, 1099, 852, 902, 591, 580, 2563, 1110, 2560, 1107, 1109, 1102, 870]
570,[2544]
571,[2545]
572,[2564, 3380, 2689]
573,[2565]
574,[2566, 260]
575,[1053]
576,[2568, 2626, 1533]
577,[2569]
578,[2569]
579,[2569]
580,[1864, 974, 813, 799, 979, 659]
581,[2569]
582,[2569, 2570]
583,[2569]
584,[2590, 1918]
585,[2591, 1919]
586,[2590, 1918]
587,[2590, 1918]
588,[2590, 1918]
589,[2590, 2592, 1918, 1920]
590,[2590, 1918]
591,[2590, 1918]
592,[2590, 1918]
593,[2590, 1918]
594,[2590, 1918]
595,[2590, 1918]
596,[2590, 1918]
597,[2589, 1917]
598,[2590, 1918]
599,[2590, 1918]
600,[2590, 1918]
601,[2590, 1918]
602,[2589, 1917]
603,[2590, 1918]
604,[2589, 1917]
605,[2590, 1918]
606,[2590, 1918]
607,[2590, 1918]
608,[2590, 1918]
609,[2590, 1918]
610,[2590, 1918]
611,[2590, 1918]
612,[2590, 1918]
613,[2590, 1918]
614,[2590, 1918]
615,[2590, 1918]
616,[2589, 1917]
617,[2589, 1917]
618,[2590, 1918]
619,[2590, 1918]
620,[2590, 1918]
621,[2590, 1918]
622,[2590, 1918]
623,[2590, 1918]
624,[2589, 1917]
625,[2590, 1918]
626,[1022, 1082, 1020, 1007, 1088, 1025, 1017, 1026, 1043, 1054, 1092, 1011, 978, 1010, 1015, 991, 994, 826]
627,[2590, 1918]
628,[2589, 1917]
629,[2590, 1918]
630,[2590, 1918]
631,[2592, 1920]
632,[2590, 1918]
633,[2590, 1918]
634,[2589, 1917]
635,[2590, 1918]
636,[2590, 1918]
637,[2590, 1918]
638,[2590, 1918]
639,[2590, 1918]
640,[2590, 1918]
641,[2590, 1918]
642,[2590, 1918]
643,[2590, 2589, 1918, 1917]
644,[690, 691]
645,[2590, 1918]
646,[2590, 1918]
647,[2590, 1918]
648,[2590, 1918]
649,[2590, 1918]
650,[2590, 1918]
651,[2589, 1917]
652,[2589, 1917]
653,[2590, 1918]
654,[2434]
655,[2596, 2597, 2598, 2599, 2595]
656,[2603]
657,[2602]
658,[304]
659,[1703, 609, 23]
660,[2606, 752]
661,[2609, 755]
662,[2606, 752]
663,[2613, 3150, 3238, 3332, 3081, 3673, 3674, 3676]
664,[2614, 4266]
665,[690]
666,[690]
667,[2251, 2259, 2254, 2250, 1369, 1382, 2257, 1380, 1366, 1392, 1358, 1352, 1356]
668,[2649, 517, 506]
669,[2644]
670,[2641]
671,[1034, 190]
672,[1053, 994, 988, 1963, 196, 114, 38, 20, 110, 1009, 983, 1034, 672, 669, 974, 1064, 775, 822, 813, 808, 829, 828, 814, 609, 2009, 779, 830, 789, 827, 788, 818, 1016, 136, 218, 111, 1085, 1043, 815, 806, 841, 92, 95, 93, 1074, 1087, 1971, 777, 642, 801, 817, 812, 328, 993, 838, 1083, 785, 790, 845, 113]
673,[1451, 1456]
674,[2680, 2678, 2687, 2683, 2676, 2677, 2679, 2682, 2681, 2684, 1374, 2685, 1383, 2686, 1384, 911, 1387, 872, 1386, 1363, 873, 917, 919, 2693, 2695, 2692, 1307, 1312, 1313, 1309, 1640, 1306, 1638, 1373, 1642, 1643, 1641, 1361, 1354, 1371, 1353, 1380, 1370]
675,[2689, 2690]
676,[2675, 3290]
677,[973, 979]
678,[1917, 1918]
679,[196, 39, 80, 98, 158, 200, 71, 34, 56, 36, 817, 106, 803, 27, 136]
680,[691, 690]
681,[2022, 2023]
682,[788, 801, 836]
683,[22, 338, 68]
684,[2696, 2697]
685,[441]
686,[2698]
687,[2700]
688,[1742, 1719, 656, 629]
689,[2701]
690,[2700, 2149]
691,[2702, 3237, 3078]
692,[2703]
693,[2702]
694,[2704, 814]
695,[2705]
696,[2709, 1508, 1291, 2718, 2719]
697,[2710, 3408, 3541, 3471, 3468, 3480, 3510, 3466, 3470, 3490, 3474, 3561, 3478, 3488, 1211, 1139, 1179, 1134, 1138, 1159, 1142, 1231, 1147, 1149, 1157, 1136, 4299]
698,[2758]
699,[690]
700,[2759]
701,[2759]
702,[1428, 1431, 557, 592, 2772]
703,[994, 1004, 1066]
704,[2760]
705,[1857, 1860, 1867, 1863, 1848]
706,[2777]
707,[1136, 2443, 2444, 2452, 1406, 1922, 2446, 1505, 1517, 1351, 1504, 1498, 1503, 1497, 24, 20, 1290, 706, 1258, 1600, 1253, 1605, 1249, 1180, 1598, 1597, 1137, 2781, 1596, 2783, 2780, 2784, 22, 990, 720, 563, 39, 278, 58, 267, 778, 34, 797, 98, 946, 330, 560]
708,[304]
709,[2778]
710,[2434, 817, 2813]
711,[2785, 304]
712,[1703, 1742, 656, 816, 793, 974, 1060, 4210]
713,[2785, 304]
714,[2785, 304]
715,[2785, 304]
716,[2785, 304]
717,[2785, 304]
718,[2785, 304]
719,[2785, 304]
720,[2785, 304]
721,[2785, 304]
722,[2785, 304]
723,[2816]
724,[2832]
725,[2832]
726,[2832]
727,[2833]
728,[2832]
729,[2836, 4293]
730,[2832, 1703, 609]
731,[2835, 4292]
732,[2832]
733,[2832]
734,[2834]
735,[2837, 3160, 4269]
736,[2839, 2856, 1910]
737,[2838, 3151, 3671, 3932, 1952, 2839, 2907]
738,[2838, 2839, 1948, 1949]
739,[2861, 3151, 3932, 1952]
740,[2864, 3409, 4004, 4300]
741,[2863]
742,[2865]
743,[304]
744,[1758, 673, 40, 803, 800, 832, 794, 95, 1050, 139, 93, 66, 190, 23, 196, 168, 58, 972]
745,[2866]
746,[23, 63, 186, 25, 55, 77, 111, 132, 73, 24, 42, 48, 38, 79, 86, 133, 66, 85, 28, 155, 57, 147, 203, 152, 117, 58, 130, 44, 122, 150, 185, 22, 80, 165, 216, 36, 84, 37, 131, 135, 230, 231, 60, 232, 228, 233, 234, 83, 114, 170, 110, 121, 138, 156, 56, 235, 1546, 1566, 107, 1553, 1554, 18, 1556, 1555, 1552, 184, 64, 1557, 1549, 1542, 1541, 39, 236, 144, 1550, 106, 1551, 1206, 1548, 1191, 1174, 1183, 1558, 1198, 26, 1150, 1164, 127, 1158, 196, 1139, 1217, 136, 1140, 67, 68, 151, 1243, 212, 1224, 104, 41, 1162, 1156, 187, 1244, 72, 88, 75, 94, 237, 209, 195, 118, 1856, 238, 1879, 180, 43, 1863, 1849, 1867, 1840, 1853, 1882, 1846, 1870, 1839, 1834, 962, 1852, 951, 1837, 956, 1854, 948, 81, 1841, 960, 1877, 957, 964, 1842, 963, 949, 1864, 943, 1865, 1875, 954, 1869, 239, 953, 965, 71, 958, 224, 148, 65, 961, 944, 947, 61, 53, 1023, 1060, 219, 1029, 1016, 1043, 1018, 1034, 76, 1021, 996, 994, 1002, 1003, 1026, 1045, 1046, 1059, 1001, 981, 1024, 1037, 1042, 987, 1031, 1974, 1959, 972, 982, 1976, 1054, 995, 1978, 1979, 1969, 1081, 1000, 1008, 999, 1999, 1961, 1962, 1958, 20, 1973, 1963, 137, 240, 102, 167]
747,[2867, 2868, 3590]
748,[2872, 2168]
749,[2872, 2168]
750,[2872, 2870, 2168, 2165]
751,[2872, 2168]
752,[2870, 2165]
753,[2873]
754,[2870, 2165]
755,[2872, 3147, 2168]
756,[2870, 2165]
757,[2870, 2872, 2165, 2168]
758,[2872, 2168]
759,[2870, 2165]
760,[2870, 2871, 2165, 2166]
761,[2870, 2165]
762,[2872, 2168]
763,[2872, 2168]
764,[2869, 2870, 2164, 2165]
765,[2872, 2168]
766,[2870, 2165]
767,[2872, 2168]
768,[2870, 2165]
769,[2872, 3151, 2168, 1952]
770,[2870, 2165]
771,[2872, 2168]
772,[2875]
773,[2876]
774,[2877]
775,[681]
776,[2878]
777,[1703, 3125, 2947, 609, 1033, 993, 974]
778,[2879]
779,[2880, 2881, 2882, 2883]
780,[1038, 1024, 1081, 1072, 1013, 1023, 1010, 1070, 1031, 2719, 2718, 23, 111, 808, 160, 137, 21, 114, 20, 1036, 630, 1043, 1037, 642, 1041, 307, 306, 1132, 1060, 945, 355, 1053, 1094]
781,[2883]
782,[2884, 2885]
783,[0]
784,[2886]
785,[2887]
786,[2878]
787,[2889, 3661, 17]
788,[2892]
789,[2893]
790,[2893]
791,[2893, 2888, 2889, 2891]
792,[2895]
793,[2895]
794,[2895]
795,[2895]
796,[1740, 653, 1031]
797,[2895]
798,[2895]
799,[2896, 4262]
800,[2897, 4263]
801,[2898, 4265]
802,[2839, 2907, 1952, 1910, 1948]
803,[2905]
804,[2919]
805,[2901, 3220, 3681, 3678, 2775, 3345]
806,[2904, 2903, 3208, 3933, 3934]
807,[2917, 2913, 2914, 2919, 3127]
808,[184, 182, 273]
809,[2916, 2912, 3212, 3213, 3215, 3211, 158, 2762, 2763, 2767, 2761]
810,[2923]
811,[994, 60, 1012, 979]
812,[679]
813,[1964, 1969, 1966, 1141, 1341, 1340]
814,[1890, 1892]
815,[2165, 2164, 2168]
816,[2165, 2164]
817,[690]
818,[681]
819,[805, 271]
820,[2929]
821,[2165]
822,[2930]
823,[690, 691]
824,[1739, 652, 1034]
825,[2931]
826,[266]
827,[2648, 2021, 2658, 2647, 2652, 2649, 510, 507, 508, 511, 2127, 2122, 2119]
828,[2935, 4279]
829,[2933]
830,[2936]
831,[2934]
832,[1341, 1340, 1348, 653, 328, 355, 1070, 1031, 994, 1016, 609, 330, 1029]
833,[1864, 1862, 1863, 1845, 1847, 1878, 667, 583, 557, 927, 585, 924, 560, 593, 2940, 555, 2942, 2938, 1841, 568, 994, 1876, 986, 1018, 889, 1081, 878, 876, 1011, 1064, 835, 2939, 833, 272, 2941, 844, 785, 632, 840, 1888, 323, 307, 1087, 328]
834,[2168, 2166]
835,[2021]
836,[2038]
837,[1029, 218]
838,[866, 2431]
839,[2943]
840,[2943]
841,[1892, 1341, 1342]
842,[3062]
843,[3062]
844,[2947, 328]
845,[3017, 2714, 994, 979]
846,[3064]
847,[3040, 2740, 997]
848,[2947, 2953, 2964, 2977, 328, 334, 344]
849,[3065]
850,[3067]
851,[3068, 3131]
852,[3068, 3131]
853,[3068, 3131]
854,[3068, 3131]
855,[3063]
856,[3068, 3131]
857,[3068, 3131]
858,[3068, 3131]
859,[3068, 3131]
860,[3068, 3131]
861,[3068, 3131]
862,[3068, 3131]
863,[3068, 3131]
864,[3068, 3131]
865,[3068, 3131]
866,[221, 28, 54, 241, 168, 87]
867,[1593]
868,[3069]
869,[3070]
870,[1918]
871,[3020, 3046, 3038, 2717, 2746, 2738, 110, 95]
872,[1918]
873,[3079, 3080]
874,[3083]
875,[1892]
876,[3084]
877,[3086, 3089, 2168]
878,[2992, 367]
879,[3090]
880,[3093]
881,[3094]
882,[2708, 2706, 91, 223, 226, 21, 242, 71, 84, 78, 222, 152, 184, 95, 58, 1043, 994, 1069, 36, 68, 190, 829, 1070, 1034, 29, 50, 107, 1019]
883,[3097, 3103, 3100, 3108, 3107, 3109, 3101, 3098, 3095, 3104, 3105, 3110, 3099, 3102, 3106, 3096, 3111, 3112]
884,[3113]
885,[1334, 1328, 1333, 833]
886,[3114]
887,[2994, 369]
888,[1034, 1053, 979]
889,[1863, 1851, 1869, 1874, 1866, 994]
890,[266]
891,[3115]
892,[3115]
893,[3115]
894,[3116]
895,[3115]
896,[3117]
897,[3118]
898,[3118]
899,[3118]
900,[3118]
901,[3118]
902,[3118]
903,[3118]
904,[3119]
905,[3119]
906,[3118]
907,[3122]
908,[3122]
909,[292, 1341, 1342, 1340, 338, 1343, 369]
910,[909, 866, 776, 833]
911,[3123]
912,[3124]
913,[3130]
914,[3130]
915,[3127]
916,[625, 2770, 1101, 1602, 3142, 1614, 1331, 801, 558, 157, 1340, 1325, 1867, 1561, 613, 1326]
917,[278]
918,[2954, 2964, 2977, 2947, 335, 344, 355]
919,[3126]
920,[3131]
921,[2131, 2021]
922,[3128, 828, 1055, 974]
923,[3128, 974]
924,[3143, 3144]
925,[1010, 1016, 1005, 975, 28, 1074, 116, 168, 1008, 114, 36, 63, 243, 123, 227, 70, 152, 192, 332, 196, 977, 983, 1031, 1053, 952]
926,[3145]
927,[3144]
928,[3143]
929,[1892]
930,[2458]
931,[3148]
932,[3146]
933,[3149]
934,[1703, 609]
935,[3146]
936,[3146]
937,[1906, 1948, 757, 3157, 2856, 1341, 1343, 27, 158, 159, 177, 1910, 2907, 3161]
938,[3155]
939,[3152, 1953]
940,[3131]
941,[3153, 1954]
942,[97, 773, 805, 832, 217, 90, 21, 2012, 994, 1095, 78, 83, 1069, 981, 1012, 1009, 1043, 1055, 1078]
943,[2994, 369]
944,[2958, 338]
945,[3164]
946,[3162]
947,[1012, 994]
948,[1346]
949,[3167, 3165, 3169, 3166]
950,[3170, 3171]
951,[446, 441, 442]
952,[1703, 609]
953,[440]
954,[974, 979]
955,[3173]
956,[3178, 3179, 3180]
957,[3175]
958,[3206, 3207]
959,[3176]
960,[3207]
961,[3207]
962,[3176]
963,[3206]
964,[2946]
965,[1740, 653]
966,[2947, 4154, 974]
967,[3174, 3175, 3176, 3177]
968,[3176]
969,[344, 335, 355, 328]
970,[307, 306]
971,[3210, 3209]
972,[3210]
973,[3209]
974,[3210]
975,[3209]
976,[3210, 3209]
977,[3210]
978,[3209]
979,[3210]
980,[3210, 3209]
981,[3209]
982,[3210, 3209]
983,[3209, 3210]
984,[3210]
985,[3209]
986,[1705, 611]
987,[1918]
988,[3209]
989,[3176]
990,[3210]
991,[3222]
992,[3209]
993,[3222]
994,[3223]
995,[3224]
996,[3223]
997,[3225]
998,[3226]
999,[3228]
1000,[3227]
1001,[3229, 4303]
1002,[3229]
1003,[3230, 3071]
1004,[304]
1005,[3243, 1251, 1140, 1136, 1145, 1248, 1254]
1006,[3283]
1007,[3284]
1008,[3285]
1009,[3286]
1010,[3287, 3288]
1011,[3289]
1012,[3291]
1013,[3292]
1014,[3293]
1015,[3294]
1016,[3295]
1017,[3296]
1018,[3286]
1019,[3297]
1020,[3298, 3300, 3301, 3302]
1021,[3299]
1022,[3286, 3298]
1023,[3235, 3076]
1024,[3286]
1025,[3239, 3082]
1026,[3286]
1027,[1395]
1028,[3303]
1029,[0]
1030,[3304]
1031,[3306]
1032,[3306]
1033,[3306]
1034,[3307]
1035,[3308]
1036,[3310, 3309]
1037,[22, 27, 974, 981, 38, 992, 1034, 1031, 158, 87, 979, 1039, 1053, 780, 946, 826, 994, 1043]
1038,[1768]
1039,[3311]
1040,[27, 609, 1029, 826, 989, 1053, 979, 1060, 994, 811, 1016, 816, 793, 974, 656]
1041,[1330, 1332, 3315, 48, 925, 1096, 1053, 1095, 307, 314, 310, 328, 3354, 330, 989]
1042,[3330]
1043,[3331]
1044,[3331]
1045,[3331]
1046,[3338]
1047,[3338]
1048,[1041, 657, 994, 608, 1016, 1507, 1512, 1501, 1518, 1500, 1513, 3350, 1511, 3347, 1515, 3344, 979, 1514, 3349, 573, 3346, 3348, 586, 1058, 997, 1013, 1042, 3343, 1032, 1077, 1054, 668, 642, 647, 3357, 3356, 622, 3355, 91, 20, 142, 183, 671, 136, 808, 673, 126, 3431, 1050, 1074, 1089, 805, 794, 775, 1034]
1049,[3339]
1050,[3339]
1051,[3340]
1052,[3351]
1053,[3352, 0]
1054,[1877, 1846, 1855, 1853, 1850, 1868, 103, 194, 1843, 140, 56, 273, 838, 833, 817, 821, 842, 1043]
1055,[3352, 0]
1056,[3352, 0]
1057,[3352, 0]
1058,[3352, 0]
1059,[3352, 0]
1060,[3352, 0]
1061,[3352, 0]
1062,[3352, 0]
1063,[3352, 0]
1064,[697, 694]
1065,[3352, 0]
1066,[1703, 826, 609]
1067,[3370]
1068,[2011, 994, 1024, 196, 111, 1037, 1043, 1041, 307, 1050, 1074, 1034, 275, 669, 688, 313, 788, 1018, 95, 671, 328, 314]
1069,[266]
1070,[1703, 609]
1071,[2958, 22, 68]
1072,[3369, 23]
1073,[3379, 2688]
1074,[1739, 652]
1075,[2954]
1076,[3367]
1077,[3369]
1078,[3400, 3394, 4001, 566]
1079,[3402]
1080,[3369, 4170, 4200, 4223, 773, 805, 832, 97, 90, 217, 1095, 994, 1009, 1055, 1043, 1069, 981, 1078, 1012, 21, 78, 83]
1081,[3403]
1082,[3388]
1083,[3405, 3407, 3406]
1084,[3385, 3387, 4164, 4163, 4157, 287, 285, 277]
1085,[1703, 609]
1086,[3413, 3412, 3414]
1087,[1742, 656]
1088,[3419, 3415, 3422, 3425, 3416, 3417, 3418, 3421]
1089,[3382, 3388, 3387, 4224, 833]
1090,[3388, 3382]
1091,[3434, 3436]
1092,[3435]
1093,[3435, 3645]
1094,[3435, 3611, 3621, 3610, 3615, 3612, 3636, 3641, 3633]
1095,[3434]
1096,[3382, 3388, 3387, 1034]
1097,[3388, 3387]
1098,[3435]
1099,[3435]
1100,[3440]
1101,[3435]
1102,[3444, 3441, 3445, 3959, 3975, 3961, 1604, 1625, 1606, 4288, 4285, 4289]
1103,[690, 691]
1104,[3369, 2949]
1105,[3442, 4286]
1106,[3434]
1107,[3434]
1108,[998, 1035, 1062, 1005, 1084, 66, 58, 144, 152, 127, 242, 60, 176, 91, 40, 95, 1050, 139, 93, 190, 23, 196, 168, 673, 800, 832, 972, 803, 794]
1109,[1726, 782, 637]
1110,[3451, 3452, 3448, 3447, 3457, 2466, 2467, 2463, 2462, 2472]
1111,[3437, 3436]
1112,[3450, 2465]
1113,[3446, 3447, 3453, 3454, 3455, 3456, 3449, 3989, 2461, 2462, 2468, 2469, 2470, 2471, 2464]
1114,[2161]
1115,[3463]
1116,[3459, 3464, 3458, 3463, 3460, 3461, 3462]
1117,[2055]
1118,[3434]
1119,[826, 786, 805]
1120,[3434]
1121,[3465]
1122,[3439]
1123,[1768]
1124,[1920, 1918]
1125,[1520]
1126,[1921, 1919]
1127,[3579]
1128,[2434, 2433, 1341, 978, 97, 229, 244]
1129,[3582]
1130,[266]
1131,[3582]
1132,[3582]
1133,[3586, 974]
1134,[834, 669, 778, 994]
1135,[1703, 609]
1136,[3383]
1137,[3587]
1138,[3588]
1139,[2947]
1140,[3589, 3663]
1141,[3471, 1139]
1142,[0]
1143,[1918]
1144,[3591]
1145,[681]
1146,[304]
1147,[974, 993, 984, 1033]
1148,[3613]
1149,[3624]
1150,[3610]
1151,[3606]
1152,[687, 308, 307, 355, 994, 1070, 988, 993, 977, 1043, 1024, 1060, 983, 997]
1153,[3613]
1154,[3639]
1155,[3648]
1156,[3639]
1157,[3639]
1158,[3639]
1159,[3639]
1160,[3633]
1161,[669, 826]
1162,[3633]
1163,[3353, 2736, 2727, 2747, 2753, 2721, 2726, 2733, 2730, 2749, 2720, 184, 113, 73, 83, 93]
1164,[2947]
1165,[3654]
1166,[3649]
1167,[3651]
1168,[3644, 3637, 3633, 3640]
1169,[3633]
1170,[3662]
1171,[2947]
1172,[1346]
1173,[3660, 3658, 15, 13]
1174,[3664]
1175,[3669]
1176,[3668]
1177,[671, 994, 610, 1080, 1018, 825, 776, 676, 1034, 1053, 1081, 217]
1178,[1005, 76, 618]
1179,[76, 42, 245, 240, 185, 184, 22, 24, 941, 994, 981, 1031, 1051]
1180,[1906, 1955]
1181,[2647, 510, 509, 517, 2021, 2646, 2648, 2657]
1182,[3673, 3674, 3676, 3081]
1183,[3186, 3706, 3711, 981, 974, 826, 780, 27, 992, 38, 1034, 1031, 87, 158, 22, 979, 1039, 1053, 994, 1043, 946]
1184,[3675]
1185,[3192, 997, 1019, 1054]
1186,[3688]
1187,[327, 307, 324]
1188,[3689, 2874]
1189,[304]
1190,[2949]
1191,[3928]
1192,[2168]
1193,[1890]
1194,[3932]
1195,[3932]
1196,[2839, 2856]
1197,[3932]
1198,[1952, 2168]
1199,[997, 1019, 1054, 952]
1200,[3935]
1201,[3936]
1202,[3936]
1203,[910, 848, 3937, 2779, 1108, 666, 2098, 914, 1441, 1372, 3939, 1391, 1521, 3942, 3948, 1035, 887, 1618]
1204,[20, 815, 1964, 795, 1067]
1205,[3950]
1206,[994, 1029, 1070]
1207,[266]
1208,[3985, 1060, 1043]
1209,[3979, 1630]
1210,[3963, 1609]
1211,[3957, 1601]
1212,[3982, 1633]
1213,[3987]
1214,[2149]
1215,[3706, 3924, 3793, 3743, 3857, 3760, 77, 22, 246, 111, 60, 177]
1216,[3958, 4033, 1603, 972]
1217,[3955, 1599]
1218,[3978, 1628]
1219,[2977, 355]
1220,[3988]
1221,[3984, 1635]
1222,[3969, 1616]
1223,[2947]
1224,[1918]
1225,[4154, 4159, 176, 36, 106, 148, 50, 139, 71, 107, 280, 273, 287, 279, 286, 274, 272, 278]
1226,[4169, 292]
1227,[3992, 4200, 4183, 4201, 4181, 4194, 4188, 4196, 4198, 4193, 4186, 4189, 4191, 4190, 4199, 4197, 4195, 4207, 556, 112, 113, 115, 114, 111, 108, 97, 110, 805, 787, 806, 785, 799, 793, 801, 803, 798, 791, 794, 796, 795, 804, 802, 800, 813, 3796, 3793, 3790, 3779, 3792]
1228,[1893, 1884]
1229,[4160, 4165, 281, 288]
1230,[4232, 4179, 4213, 4214, 4222, 4217, 841, 782, 819, 820, 831, 824]
1231,[4166, 289]
1232,[4156, 276]
1233,[4158, 278]
1234,[4237]
1235,[4236]
1236,[2037]
1237,[4244, 4246, 1892]
1238,[4246, 4244, 1892, 1890]
1239,[4244, 1890]
1240,[4183, 4204, 113, 95, 34, 217, 196, 63, 114, 787, 810, 994]
1241,[4259]
1242,[4260]
1243,[4246, 4247, 4248, 1892, 1894, 1895]
1244,[4246, 1892]
1245,[4225, 834]
1246,[4225, 834]
1247,[4246, 1892]
1248,[4219, 826]
1249,[4246, 1892]
1250,[4246, 1892]
1251,[4246, 1892]
1252,[4249, 1896]
1253,[4183, 787]
1254,[4198, 803]
1255,[4196, 801, 836, 788, 4227, 4184]
1256,[4173, 776]
1257,[4211, 4200, 817, 805]
1258,[2251, 2258]
1259,[4200, 805]
1260,[790, 365, 4185]
1261,[4178, 781]
1262,[4219, 826]
1263,[183, 182, 3863, 3862]
1264,[20]
1265,[168]
1266,[80]
1267,[811, 799, 1010, 1037, 978, 4205, 4194]
1268,[805, 4200]
1269,[800, 18]
1270,[164]
1271,[1034]
1272,[809]
1273,[777, 80, 20, 280]
1274,[805, 832]
1275,[1074]
1276,[790, 812]
1277,[826, 786, 805]
1278,[817]
1279,[994, 1041, 978, 1036, 974, 1066, 1043]
1280,[23]
1281,[819]
1282,[817, 994, 1053]
1283,[775]
1284,[817]
1285,[833]
1286,[994, 979, 1012]
1287,[1081, 1031]
1288,[143, 222, 23, 36, 974, 1070]
1289,[978]
1290,[196, 80, 39, 158, 34, 98, 200, 71, 27, 36, 56, 106, 136]
1291,[2958]
1292,[970]
1293,[1034, 190]
1294,[1066]
1295,[1027]
1296,[984, 993]
1297,[1034, 1060]
1298,[974]
1299,[23]
1300,[1053, 994, 1043, 1087]
1301,[1066, 1004, 994]
1302,[63]
1303,[23]
1304,[184, 182]
1305,[23, 80, 994]
1306,[27]
1307,[190]
1308,[985]
1309,[1048]
1310,[1052]
1311,[974]
1312,[23]
1313,[1055, 1004, 974]
1314,[1037]
1315,[974]
1316,[978, 1060, 973, 989, 994, 23, 169, 184]
1317,[1043]
1318,[994, 2949]
1319,[993, 2947]
1320,[190]
1321,[1034]
1322,[1014]
1323,[994, 1029, 1070]
1324,[1026, 1022, 1082, 1011, 990]
1325,[1060]
1326,[1029]
1327,[1053]
1328,[993]
1329,[979, 1053, 1034]
1330,[994]
1331,[1029]
1332,[1012, 994]
1333,[1031]
1334,[1074, 1031]
1335,[2947]
1336,[2947]
1337,[2977, 2994]
1338,[3006]
1339,[2958]
1340,[1952]
1341,[2958]
